link,name,singer,comments_num
https://music.163.com/song?id=511920218,Turn It Around,neutral.,3073
https://music.163.com/song?id=31370681,Movin On,Various Artists / Solomina,3073
https://music.163.com/song?id=36587653,Hit the Ground,Justin Bieber,3071
https://music.163.com/song?id=463160865,Out of the Dark,Dia Frampton,3068
https://music.163.com/song?id=403710535,Reverie,ILLENIUM / King Deco,3067
https://music.163.com/song?id=18212778,Hang on Little Tomato,Pink Martini,3065
https://music.163.com/song?id=28578028,Time in a Bottle,Jim Croce,3063
https://music.163.com/song?id=29792978,Hypnotic,Vanic / Zella Day,3063
https://music.163.com/song?id=3554328,Right Where We Belong,Stevie Scott,3063
https://music.163.com/song?id=2870891,La Disparition,Keren Ann,3062
https://music.163.com/song?id=571336615,Dangerous,DEAMN,3062
https://music.163.com/song?id=519913466,THE DROP,Gammer,3060
https://music.163.com/song?id=562675944,Jackie Chan,Tiësto / Dzeko / Preme / Post Malone,3058
https://music.163.com/song?id=20515769,Oops!...I Did It Again,Britney Spears,3056
https://music.163.com/song?id=494410758,why do i love you,eel.,3052
https://music.163.com/song?id=449824613,NOI$E,SoLonely,3052
https://music.163.com/song?id=28941615,Safe Computer,Wing,3052
https://music.163.com/song?id=419116033,Dharma (Extended Mix),Headhunterz / KSHMR,3048
https://music.163.com/song?id=451520430,Worth Fighting For (Otero Remix),Otero / Rico & Miella / TELYKast,3047
https://music.163.com/song?id=421807034,X B**ch,21 Savage / Metro Boomin / Future,3046
https://music.163.com/song?id=18622177,Lights Off     ,Jay Sean,3046
https://music.163.com/song?id=29436939,Ex's & Oh's,Elle King,3045
https://music.163.com/song?id=469699509,Careless Cares,Cresce,3045
https://music.163.com/song?id=511229542,Frozen,Sabrina Claudio,3044
https://music.163.com/song?id=509530951,"Trust Nobody Love, Nobody The Same",sagun / Shiloh Dynasty,3044
https://music.163.com/song?id=1659609,Statue,Lil' Eddie,3043
https://music.163.com/song?id=447279047,Fun Times,Sacrofiz,3043
https://music.163.com/song?id=467746295,I Miss You (Acoustic),Grey / Bahari,3042
https://music.163.com/song?id=501467169,Nobody Has to Know,Timeflies,3042
https://music.163.com/song?id=406347065,How Many,W&W,3042
https://music.163.com/song?id=36947482,Boys Like You,Who Is Fancy / Ariana Grande / Meghan Trainor,3042
https://music.163.com/song?id=528568996,Something's Gotta Give,Camila Cabello,3041
https://music.163.com/song?id=1057507,I See the Light,Alan Menken,3040
https://music.163.com/song?id=519250197,Coincidance,Handsome Dancer,3039
https://music.163.com/song?id=26400098,Baby It's You,Arden Cho,3039
https://music.163.com/song?id=29751621,Here With You,Electus,3038
https://music.163.com/song?id=515573993,Another Shot (Charming Horses Remix),Vigiland / Charming Horses,3038
https://music.163.com/song?id=504264242,dancing,mellow fellow,3037
https://music.163.com/song?id=36199034,Sorry,Justin Bieber,3036
https://music.163.com/song?id=28840038,HER,Block B,3036
https://music.163.com/song?id=501133405,Sky Walker,Miguel / Travis Scott,3035
https://music.163.com/song?id=27955030,yes or no,Claude,3034
https://music.163.com/song?id=479938313,Help Me Help You,Logan Paul / Why Don't We,3033
https://music.163.com/song?id=19027626,Tainted Love,Karen Souza,3033
https://music.163.com/song?id=4241455,Nos ballades,Peppermoon,3031
https://music.163.com/song?id=440767926,AVICII UMF2016 Live,Avicii,3029
https://music.163.com/song?id=515573902,Lonely Together (Acoustic),Avicii / Rita Ora,3029
https://music.163.com/song?id=1317410283,Changes (Seizure Remix),Seizure / XXXTENTACION,3027
https://music.163.com/song?id=2532527,"Non, Je Ne Regrette Rien",Edith Piaf,3026
https://music.163.com/song?id=505446038,Holding Your Tongue,Terror Jr,3026
https://music.163.com/song?id=500399011,Kuyenda,Lennart Schroot / Unknown Brain / Sru,3024
https://music.163.com/song?id=434294793,Juju On That Beat (TZ Anthem),Zayion McCall / Zay Hilfigerrr,3023
https://music.163.com/song?id=481768289,22：30,shenduzzhp / JSore,3022
https://music.163.com/song?id=417247421,None,VELVETEARS,3022
https://music.163.com/song?id=522429777,The Other Side,Hugh Jackman / Zac Efron,3022
https://music.163.com/song?id=34144145,Can't Feel My Face (Martin Garrix Remix),The Weeknd / Martin Garrix,3019
https://music.163.com/song?id=421160987,Twenty Something,"nothing,nowhere.",3014
https://music.163.com/song?id=26154799,My Head Is A Jungle (Gui Boratto Remix - Short Edit) - remix,Wankelmut / Emma Louise,3014
https://music.163.com/song?id=35345093,What Do You Mean (Acoustic),Justin Bieber,3014
https://music.163.com/song?id=32640963,The Unmaking,Nichole Nordeman,3013
https://music.163.com/song?id=541499117,Omen (Vicetone Remix),Vicetone / The Prodigy,3012
https://music.163.com/song?id=473602852,Lake Shore Drive,Aliotta Haynes Jeremiah,3010
https://music.163.com/song?id=31545222,Kiss Goodnight,Tyler Shaw,3010
https://music.163.com/song?id=27599596,Slave 2 The Rhythm,Michael Jackson / Justin Bieber,3009
https://music.163.com/song?id=435413905,Sun Is Never Going Down,Martin Garrix / Dawn Golden,3009
https://music.163.com/song?id=441120470,Chunky,Bruno Mars,3007
https://music.163.com/song?id=410629236,Honey (Medasin Remix),Medasin / Kučka,3007
https://music.163.com/song?id=31273213,Move On,Garden City Movement,3007
https://music.163.com/song?id=28341188,Mr. Chu,Apink,3003
https://music.163.com/song?id=504733608,Outta My Head,Loote,3001
https://music.163.com/song?id=27580045,Assassin's Creed III Main Theme,Lorne Balfe,3000
https://music.163.com/song?id=39122667,Really Really,Honey Cocaine,3000
https://music.163.com/song?id=1872305,I Believe I Can Fly,R. Kelly,2998
https://music.163.com/song?id=420922945,The Half,DJ Snake / Jeremih / Young Thug / Swizz Beatz,2998
https://music.163.com/song?id=4930083,Fallen Angel,Mitsunori Ikeda / Aimee B,2998
https://music.163.com/song?id=30830198,Our Destiny Lies Above Us (Xyron Remix),Xyron,2998
https://music.163.com/song?id=28283457,Am I Wrong,Nico & Vinz,2994
https://music.163.com/song?id=30841787,Eugene,Sufjan Stevens,2994
https://music.163.com/song?id=511694413,erscheint,Lukas Rieger,2994
https://music.163.com/song?id=16336963,Evgeni's Waltz,Abel Korzeniowski,2989
https://music.163.com/song?id=1839601,La Vie En Rose (Louis Armstrong),Philippe Rombi,2989
https://music.163.com/song?id=412175676,soda city funk,Tim Legend,2988
https://music.163.com/song?id=21318343,Dreamer,Ozzy Osbourne,2987
https://music.163.com/song?id=460298181,Oceans Away (Vicetone Remix),A R I Z O N A / Vicetone,2986
https://music.163.com/song?id=29383901,Love Won't Let Me Wait,Major Harris,2985
https://music.163.com/song?id=1305364096,Postcard,Troye Sivan / Gordi,2979
https://music.163.com/song?id=449577863,Selector,Rezz,2978
https://music.163.com/song?id=3313757,Rude Boy,Rihanna,2976
https://music.163.com/song?id=1322338593,Mountains,LSD / Sia / Diplo / Labrinth,2973
https://music.163.com/song?id=26211091,Crysis 3 - New York Memories,Borislav Slavov,2973
https://music.163.com/song?id=526470118,Really Mine,Dropgun / Natan Chaim,2972
https://music.163.com/song?id=16966387,Dirty Night Clowns,Chris Garneau,2972
https://music.163.com/song?id=467595413,This Time,Paul & Friends / Elsa,2971
https://music.163.com/song?id=5052247,The Message,Grandmaster Flash & the Furious Five,2971
https://music.163.com/song?id=491233422,COPYCAT,Billie Eilish,2971
https://music.163.com/song?id=36307872,Half the World Away,AURORA,2970
https://music.163.com/song?id=28814175,Let It Go,Demi Lovato,2967
https://music.163.com/song?id=402070218,Freaks (Jason Risk Bootleg),Jason Risk / Timmy Trumpet / Savage,2965
https://music.163.com/song?id=21267236,Bigcitydreams,Never Shout Never,2964
https://music.163.com/song?id=511332442,Swish Swish,Katy Perry / Nicki Minaj,2964
https://music.163.com/song?id=494410641,[i was all you needed],Saint Romain / SHILOH,2964
https://music.163.com/song?id=456370244,Back to Beautiful (Alan Walker Remix),Alan Walker / Sofia Carson,2962
https://music.163.com/song?id=454966904,Look At Me Now,BRENNAN SAVAGE,2962
https://music.163.com/song?id=3950924,Cosmic Ride,Befour,2962
https://music.163.com/song?id=414979118,널 사랑하지 않아,Urban Zakapa,2961
https://music.163.com/song?id=32823984,Anchor (Mich Remix),Mich,2960
https://music.163.com/song?id=1458550,"Voices of Spring, Op.410 (Frühlingsstimmen)",Herbert von Karajan / Wiener Philharmoniker,2960
https://music.163.com/song?id=1218773,Space Oddity,David Bowie,2959
https://music.163.com/song?id=412327347,Be My Baby,Donny Montell,2958
https://music.163.com/song?id=413812469,Fakin It (Original Mix),Kaskade / Felix Cartal / Ofelia K,2957
https://music.163.com/song?id=35345004,Already Gone,Sleeping at Last,2956
https://music.163.com/song?id=493449812,Attention (Lash Remix),Charlie Puth / Lash,2956
https://music.163.com/song?id=27829053,Payphone,Cassadee Pope,2955
https://music.163.com/song?id=28798475,Wake Me Up (Glee Cast Version),Lea Michele,2955
https://music.163.com/song?id=19895086,Toes (Album Version),Zac Brown Band,2953
https://music.163.com/song?id=25657539,Girl On Fire,Alicia Keys,2951
https://music.163.com/song?id=552448704,lovely,Billie Eilish / Khalid,2951
https://music.163.com/song?id=439121331,Can't Let Go,VALNTN,2950
https://music.163.com/song?id=2308661,Lady Marmalade,Missy Elliott / Lil' Kim / Mya / P!nk / Christina Aguilera,2949
https://music.163.com/song?id=1078365,Everything Will Flow,Brett Anderson,2947
https://music.163.com/song?id=480769622,Colourway (Instrumental),Novo Amor,2947
https://music.163.com/song?id=37092074,Never Coming Back,Jesper Jenset,2946
https://music.163.com/song?id=467166503,Circles,Loé / Kiso,2945
https://music.163.com/song?id=31517757,Hood Go Crazy (feat. 2 Chainz & B.o.B),Tech N9ne / 2 Chainz / B.o.B,2944
https://music.163.com/song?id=34923320,Lean On (Roial Remix),Roial / Major Lazer / DJ Snake / MØ,2944
https://music.163.com/song?id=29816870,speed-fuTure-,S9ryne ,2942
https://music.163.com/song?id=528568989,Never Be the Same,Camila Cabello,2937
https://music.163.com/song?id=439572717,Let Me Love You,SJUR / Chris Crone,2936
https://music.163.com/song?id=1234466,Last Night of the Dynasty feat. Julie Ann Sgroi,The Shanghai Restoration Project,2933
https://music.163.com/song?id=26923371,Que Sera Sera,Doris Day,2932
https://music.163.com/song?id=5162956,Miles,David Munyon,2932
https://music.163.com/song?id=416552509,Aspiration,Teminite,2930
https://music.163.com/song?id=26072653,Aaah,Brad Smit,2929
https://music.163.com/song?id=26221035,Highway Don't Care,Tim McGraw / Taylor Swift / Keith Urban,2929
https://music.163.com/song?id=427542269,Stand By Me,Streex / Micky Blue / VINAI,2929
https://music.163.com/song?id=25657240,Locked Out of Heaven,Bruno Mars,2927
https://music.163.com/song?id=571339613,stay,thesapientdream,2925
https://music.163.com/song?id=506092377,Sun Goes Down,Koni / Jeongwoo / Lilianna Wilde,2922
https://music.163.com/song?id=470277770,ZAYN / Taylor Swift-I Don't Wanna Live Forever(Howie X Bootleg)（Howie X remix）,Howie X,2922
https://music.163.com/song?id=527629258,Rae Sremmurd-Black Beatles (BikaBreezy Remix)（Voodoo remix）,Voodoo,2921
https://music.163.com/song?id=30987766,No Place Like Home (feat. Rosette) [Radio Edit],Blasterjaxx / Rosette,2919
https://music.163.com/song?id=446728208,Only One (Kill Paris Remix),Kill Paris / ILLENIUM / Nina Sung,2919
https://music.163.com/song?id=16828089,Listen To The Sound,Building 429,2918
https://music.163.com/song?id=28099920,Whisper Something,Aaron Sprinkle,2918
https://music.163.com/song?id=34614937,Reflection,Tobu,2918
https://music.163.com/song?id=508052583,Champion,Barns Courtney,2916
https://music.163.com/song?id=33668273,Puzzle,Tobu,2915
https://music.163.com/song?id=485354979,Voltage (Slushii Remix),Slushii / Skrillex,2914
https://music.163.com/song?id=32317062,My Special One,Bang Gang,2914
https://music.163.com/song?id=427542629,Next Summer,WHYLO / Swedish Red Elephant,2912
https://music.163.com/song?id=567624823,Happier (Tiësto's AFTR:HRS Remix),Ed Sheeran / Tiësto,2912
https://music.163.com/song?id=2177176,Enchanted Tales,Audrey Hepburn,2910
https://music.163.com/song?id=445666845,New Dawns,Gaia,2909
https://music.163.com/song?id=488641324,Lit,Steve Aoki / Yellow Claw / Gucci Mane / T-Pain,2907
https://music.163.com/song?id=33419043,Silver Linings,Leo Kalyan,2907
https://music.163.com/song?id=458439148,Never Been Better,Steve Void,2906
https://music.163.com/song?id=28302272,Heaven Knows,The Pretty Reckless,2906
https://music.163.com/song?id=29450449,1996,Ella Henderson,2905
https://music.163.com/song?id=414979559,Big Mini World (English Ver.),Jessica,2902
https://music.163.com/song?id=18518779,See Me Now,Ryan Keen,2902
https://music.163.com/song?id=41667975,For You,MEDASIN,2901
https://music.163.com/song?id=34144943,Control,Halsey,2900
https://music.163.com/song?id=22843785,In My Pockets,Morrie,2900
https://music.163.com/song?id=415792224,Talk,DJ Snake / George Maple,2898
https://music.163.com/song?id=16850569,Have A Nice Day,Bon Jovi,2896
https://music.163.com/song?id=993399,The Phantom Of The Opera,Michael Crawford / Sarah Brightman,2896
https://music.163.com/song?id=35847763,Do You Go Up (Original Mix),KHAI,2894
https://music.163.com/song?id=32640251,Give Me Wings,Jerome / Lotus / Amanda,2894
https://music.163.com/song?id=27853739,Unconditionally,Katy Perry,2893
https://music.163.com/song?id=466126524,Twinbow,Slushii / Marshmello,2893
https://music.163.com/song?id=1323987109,God Damnit,ILLENIUM / Call Me Karizma,2893
https://music.163.com/song?id=525238629,"now, i see",barnes blvd.,2891
https://music.163.com/song?id=27548687,Bla Bla Bla (Radio Cut),Gigi D'Agostino,2891
https://music.163.com/song?id=27713922,Addicted to You,Avicii / Audra Mae,2891
https://music.163.com/song?id=525240439,We are the brave,Lenka,2890
https://music.163.com/song?id=28718301,Promise for Christmas,Angelika Vee,2889
https://music.163.com/song?id=33682513,Don't Be So Hard On Yourself,Jess Glynne,2888
https://music.163.com/song?id=32405081,Follow Dem,Tropkillaz,2887
https://music.163.com/song?id=448916609,Mandala (Official Sunburn 2016 Anthem),KSHMR / Marnik / Mitika,2887
https://music.163.com/song?id=16347673,Defeated,Anastacia,2887
https://music.163.com/song?id=521706962,How Long (feat. French Montana) [Remix],Charlie Puth,2886
https://music.163.com/song?id=31301088,Ain't Nobody (Loves Me Better) [feat. Jasmine Thompson],Felix Jaehn / Jasmine Thompson,2886
https://music.163.com/song?id=34228207,For a Better Day,Avicii / Alex Ebert,2885
https://music.163.com/song?id=33075101,10:37,Beach House,2885
https://music.163.com/song?id=437292946,Twentythousand,Exes,2885
https://music.163.com/song?id=492144537,We Are Legends,Hardwell / Jonathan Mendelsohn / Kaaze,2885
https://music.163.com/song?id=1234853,Stonefire,David Arkenstone,2884
https://music.163.com/song?id=413958520,Back 2 U,Steve Aoki / Boehm / Walk The Moon,2883
https://music.163.com/song?id=29734859,Day One,Hans Zimmer,2883
https://music.163.com/song?id=28953308,Ready For The Weekend (Club Mix),R3hab / NERVO,2880
https://music.163.com/song?id=433681890,Rock Attack,Daniel Backes / Peter Moslener,2879
https://music.163.com/song?id=1329734275,Project Dreams,Marshmello / Roddy Ricch,2878
https://music.163.com/song?id=481691593,Uh Huh,Julia Michaels,2878
https://music.163.com/song?id=408616240,Aloha Heja He,Steven Heart,2877
https://music.163.com/song?id=499275384,nightmare,Shinigami / Lil Lotus,2876
https://music.163.com/song?id=416904603,Breakup Business,Phlake,2875
https://music.163.com/song?id=36492803,Wolfs,Mount Dreams,2875
https://music.163.com/song?id=27542762,Follow Me (Rene Rodrigezz Remix Edit),Combination,2875
https://music.163.com/song?id=484730899,nothing was the same,Cat naps,2873
https://music.163.com/song?id=480579130,Dragons,Virtual Riot,2873
https://music.163.com/song?id=3951381,Sweet Song,Blur,2872
https://music.163.com/song?id=444269147,Hung Up (Original Mix),Tritonal / SJ / Emma Gatsby,2871
https://music.163.com/song?id=3159085,I Do Adore,Mindy Gledhill,2871
https://music.163.com/song?id=33872347,Sinister,Midnight,2870
https://music.163.com/song?id=1832647,All Night,Parov Stelar,2870
https://music.163.com/song?id=26314425,Heart Attack (feat. Chrissy Costanza of Against the Current),Sam Tsui / Kurt Hugo Schneider,2870
https://music.163.com/song?id=30212535,Fade Out Lines (The Avener Rework),The Avener,2868
https://music.163.com/song?id=864196929,Talk,Why Don't We,2866
https://music.163.com/song?id=16802328,Mademoiselle,Berry,2865
https://music.163.com/song?id=3204387,alb,Nunu,2865
https://music.163.com/song?id=431080887,Six Feet Under (Hazey Eyes Remix),hazey eyes / Billie Eilish,2865
https://music.163.com/song?id=27686631,Oh Honey,The Delegations,2864
https://music.163.com/song?id=28876114,Come And Get Your Love,Redbone,2863
https://music.163.com/song?id=428642934,Say It (Illenium Remix),ILLENIUM / Flume / Tove Lo,2862
https://music.163.com/song?id=431085437,Gold (Jorgen Odegard Remix),Imagine Dragons / Jorgen Odegard,2862
https://music.163.com/song?id=520012999,Perfect Stranger,Hechmann / Carla V,2861
https://music.163.com/song?id=5105959,Salut D’amour Op. 12,Edward Elgar,2861
https://music.163.com/song?id=457761228,That´s Me,Hedegaard,2861
https://music.163.com/song?id=34690401,Why iii Love The Moon.,Phony Ppl,2861
https://music.163.com/song?id=32924467,Waiting for Love (Carnage and Headhunterz Remix),DJ Carnage / Headhunterz / Avicii,2861
https://music.163.com/song?id=536128512,Look Alive,BlocBoy JB / Drake,2860
https://music.163.com/song?id=491237272,Bedre End Din Ex,Page Four,2860
https://music.163.com/song?id=518894970,Rise,Ampyx,2859
https://music.163.com/song?id=34228090,Not Afraid,Various Artists,2858
https://music.163.com/song?id=1616008,Cheater's Dilemma,Kay B,2857
https://music.163.com/song?id=419254873,Weekend,Louis The Child / Icona Pop,2857
https://music.163.com/song?id=16680952,Rosas,La Oreja de Van Gogh,2857
https://music.163.com/song?id=499474175,2U (Tom Martin Remix),David Guetta / Tom Martin / Justin Bieber,2857
https://music.163.com/song?id=485354138,Embrace,Sappheiros,2854
https://music.163.com/song?id=34613072,Hotline Bling,Kehlani / Charlie Puth / Drake,2854
https://music.163.com/song?id=556726648,Lighthouse,Greyson Chance / Fabian Mazur,2852
https://music.163.com/song?id=526883263,So Far Away (CMC$ Remix),Martin Garrix / David Guetta / Jamie Scott / Romy Dya / CMC$,2851
https://music.163.com/song?id=418602094,Hype,Calvin Harris / Dizzee Rascal,2848
https://music.163.com/song?id=33599265,Suis-moi,Hans Zimmer / Richard Harvey / Camille,2848
https://music.163.com/song?id=459925108,Fly,Ødyssey / Amara Abonta,2848
https://music.163.com/song?id=17990631,Sleeping?,Glen Hansard / Markéta Irglová,2847
https://music.163.com/song?id=472137797,Vessel,Ship Wrek / Zookeepers / Trauzers,2847
https://music.163.com/song?id=506092043,Breakup Song,De Hofnar,2846
https://music.163.com/song?id=1304028,Society,Eddie Vedder,2845
https://music.163.com/song?id=474791819,1995,Emmit Fenn,2845
https://music.163.com/song?id=403012380,Let You Go (Evan Berg Remix),Evan Berg / The Chainsmokers,2843
https://music.163.com/song?id=427542298,Let Me Hold You (Turn Me On) [Lost Stories & Crossnaders Remix Edit],Cheat Codes / Dante Klein / Crossnaders / Lost Stories,2841
https://music.163.com/song?id=470759234,is it too much to ask for,Jordan Maxwell / Shiloh,2841
https://music.163.com/song?id=3154340,Say You Love Me,M.Y.M.P.,2835
https://music.163.com/song?id=27817371,Project T (Martin Garrix Remix),Dimitri Vegas & Like Mike / Sander Van Doorn / Martin Garrix,2835
https://music.163.com/song?id=454924484,easy,Mac Ayres,2834
https://music.163.com/song?id=504717970,Never Going Back,The Score,2833
https://music.163.com/song?id=418550664,Wild,Marian Hill,2832
https://music.163.com/song?id=35625033,Takvi Kao Ti,Colonia,2832
https://music.163.com/song?id=5410826,꽃날(Inst.),V.A.,2829
https://music.163.com/song?id=35618429,Holland (Matthew Heyer Remix),Matthew Heyer / Novo Amor,2828
https://music.163.com/song?id=522528615,Move That Body,Mickey Valen / King Deco,2827
https://music.163.com/song?id=1318611025,Access,Martin Garrix,2827
https://music.163.com/song?id=19160481,Do Your Thing,Stefanie Heinzmann,2827
https://music.163.com/song?id=1316562828,South Beach (Original Mix),Vicetone,2826
https://music.163.com/song?id=863967341,1도 없어,Apink,2826
https://music.163.com/song?id=33529927,Worth It,Fifth Harmony / KiD Ink,2825
https://music.163.com/song?id=548651015,Hyperspace,R3hab / Skytech,2825
https://music.163.com/song?id=29794416,Love,Foster The People,2824
https://music.163.com/song?id=26322486,Always Like This,HVOB,2824
https://music.163.com/song?id=519362960,Rewrite The Stars,Zac Efron / Zendaya,2824
https://music.163.com/song?id=29307600,シロクマ,JABBERLOOP,2824
https://music.163.com/song?id=420134159,Hands to Myself & Sorry,Troye Sivan,2824
https://music.163.com/song?id=464373357,i could change ur life,gnash,2822
https://music.163.com/song?id=465677045,Тает лёд текст песни,Грибы,2821
https://music.163.com/song?id=27607233,Tsunami,DVBBS / Borgeous,2820
https://music.163.com/song?id=539250965,Dancer,Flo Rida,2819
https://music.163.com/song?id=488953797,You Might Be (GoldFish Remix),Autograf / Lils / Goldfish,2816
https://music.163.com/song?id=525178946,Bartier Cardi,Cardi B / 21 Savage,2815
https://music.163.com/song?id=21935138,Edelweiss,The Innocence Mission,2815
https://music.163.com/song?id=25657492,Tik Tok (Live),Avril Lavigne,2815
https://music.163.com/song?id=2187769,...Baby One More Time,Britney Spears,2815
https://music.163.com/song?id=1066274,Sooner,Andrew Allen,2814
https://music.163.com/song?id=479408994,Space,West Coast Massive / Carly Paige,2814
https://music.163.com/song?id=484365106,Cold Skin (MiTiS Remix),Seven Lions / MitiS,2811
https://music.163.com/song?id=487454424,"Theme (from ""Spider Man"") [Original Television Series]",Michael Giacchino / J. Robert Harris / Paul Francis Webster,2810
https://music.163.com/song?id=419594607,Shadows,nara,2810
https://music.163.com/song?id=470795745,우유,Hani,2810
https://music.163.com/song?id=483156425,Despacito (Remix),Luis Fonsi / Justin Bieber / Daddy Yankee,2809
https://music.163.com/song?id=1216195,American Pie,Don McLean,2809
https://music.163.com/song?id=22761945,Ring Ding Dong,SHINee,2808
https://music.163.com/song?id=479029037,Over,HIDDN / Myah Marie,2808
https://music.163.com/song?id=517713286,Perfect (Mike Perry Remix),Ed Sheeran / Mike Perry,2808
https://music.163.com/song?id=444524673,eighteen (prod. 93FEETOFSMOKE),Lil Lotus,2808
https://music.163.com/song?id=526470294,Piggyback,Melanie Martinez,2807
https://music.163.com/song?id=26402531,Top of the World,naomi & goro,2807
https://music.163.com/song?id=1314780494,Irony,Christopher,2807
https://music.163.com/song?id=434550621,Cold World (prod. hector vae),BRENNAN SAVAGE,2806
https://music.163.com/song?id=31311149,I Really Like You (LYAR Remix),Carly Rae Jepsen,2805
https://music.163.com/song?id=410654684,Colors (Audien Remix),Halsey,2804
https://music.163.com/song?id=2009830,Fly On The Wall,Thousand Foot Krutch,2803
https://music.163.com/song?id=1427692,Kung Fu Fighting,Cee-Lo Green / Jack Black,2802
https://music.163.com/song?id=28866419,Love Fool,The Cardigans,2802
https://music.163.com/song?id=497223108,Daydream,Milk & Bone,2800
https://music.163.com/song?id=36271181,I Won't Let You Walk Away (Lost Kings Remix),Mako / Madison Beer,2800
https://music.163.com/song?id=533434257,San kitar Bolsag,Kaysar,2799
https://music.163.com/song?id=1338634306,Repeat After Me,Dimitri Vegas & Like Mike / Armin van Buuren / W&W,2799
https://music.163.com/song?id=414193013,Ain't No Mountain High Enough (feat. Dionne Bromfiel) [Radio Edit],Freischwimmer,2799
https://music.163.com/song?id=533296344,Happy,AREA21,2798
https://music.163.com/song?id=465833702,Dark Side (NOTD Remix),Phoebe Ryan / NOTD,2797
https://music.163.com/song?id=27649067,Evil Eye,Franz Ferdinand,2796
https://music.163.com/song?id=41647610,Limousine,Christopher / Madcon,2796
https://music.163.com/song?id=480516142,Power,Little Mix / Stormzy,2794
https://music.163.com/song?id=22078171,Johnny B. Goode,Chuck Berry,2793
https://music.163.com/song?id=2123686,"The Four Seasons, Concerto No. 1 in E (""Spring"") RV 269 (Op. 8 No. 1):1. Allegro",Anne-Sophie Mutter,2793
https://music.163.com/song?id=552160150,Hold on Tight,R3hab / Conor Maynard,2790
https://music.163.com/song?id=414980666,Always,Great Good Fine OK,2789
https://music.163.com/song?id=1331192365,Wait Another Day,Mike Williams / Mesto,2788
https://music.163.com/song?id=509480365,I'll Remember This,Matthew Parker / Chris Howland,2786
https://music.163.com/song?id=464373274,Everything Black (feat. Mike Taylor),Unlike Pluto / Mike Taylor,2786
https://music.163.com/song?id=416531091,Kung Fu Dab,DJ Soda,2786
https://music.163.com/song?id=1302084123,Bella Ciao,Hardwell / Maddix,2785
https://music.163.com/song?id=509726820,Hands Up,Hardwell / Afrojack / MC Ambush,2783
https://music.163.com/song?id=428172908,1000 Nights,Frenship,2783
https://music.163.com/song?id=462377405,A Million Years,Mariette,2782
https://music.163.com/song?id=407450729,Surpass (Chill Edit),Resonance,2782
https://music.163.com/song?id=544247137,Everybody Hates Me,The Chainsmokers,2780
https://music.163.com/song?id=549941510,Gassed Up,Jauz / DJ Snake,2778
https://music.163.com/song?id=438456244,silk,killstation / OmenXIII,2778
https://music.163.com/song?id=18721542,Angry Birds Theme,Ringtone Mania,2777
https://music.163.com/song?id=482999242,Give Love,Andy Grammer / LunchMoney Lewis,2777
https://music.163.com/song?id=434659153,SADBOY (Original Mix),Naaz,2776
https://music.163.com/song?id=28391359,Not Going Home,Great Good Fine OK,2776
https://music.163.com/song?id=33728089,Flash Drive,Wave Racer / B▲by,2773
https://music.163.com/song?id=524191678,Higher,Ummet Ozcan / Lucas & Steve,2773
https://music.163.com/song?id=521418813,All Falls Down (K-391 Remix),Alan Walker / Noah Cyrus / Digital Farm Animals / K-391,2772
https://music.163.com/song?id=26940207,Mi-e Dor,DJ Project / Giulia,2772
https://music.163.com/song?id=22835115,진달래 꽃,Maya,2772
https://music.163.com/song?id=528864535,No Drama,Tinashé / Offset,2771
https://music.163.com/song?id=424985041,Brand New,Clyde Hill / Lilianna Wilde,2771
https://music.163.com/song?id=4250281,Wasted Days,Phoenix And The Turtle,2770
https://music.163.com/song?id=402073936,Adventure Of A Lifetime (Matoma Remix),Matoma / Coldplay,2770
https://music.163.com/song?id=28308797,La La La,Shakira,2768
https://music.163.com/song?id=21698740,Goodbye (Album Version),Sophie Zelmani,2767
https://music.163.com/song?id=35310714,Can’t Help Falling in Love,Haley Reinhart,2767
https://music.163.com/song?id=479422834,Good Love,Galavant / Kheela,2766
https://music.163.com/song?id=513363680,Pick It Up,Famous Dex / A$AP Rocky,2766
https://music.163.com/song?id=27901630,Walking Blind,Aidan Hawken,2766
https://music.163.com/song?id=39436556,I Love You All the Time (Play It Forward Campaign),Imagine Dragons,2764
https://music.163.com/song?id=26612933,Plastic Panorama,Postiljonen,2763
https://music.163.com/song?id=516746175,Futile Devices (Doveman Remix),Sufjan Stevens,2762
https://music.163.com/song?id=27756753,Forgot Me Nots,Patrice Rushen,2762
https://music.163.com/song?id=459954764,SCREAMING INSIDE,GONE42DAY,2762
https://music.163.com/song?id=419250867,Wicked Ones,DOROTHY,2762
https://music.163.com/song?id=458496375,The Beat Rolls (Radio Edit),Tom Reason,2761
https://music.163.com/song?id=23726256,No Diggity,Dr. Dre Blackstreet,2760
https://music.163.com/song?id=1298111608,Neverland,KSHMR / 7 Skies,2759
https://music.163.com/song?id=458496858,This Is Home (Blaze U Remix),Blaze U / INITPATCH,2759
https://music.163.com/song?id=484056101,Luv U Need U,Slushii,2758
https://music.163.com/song?id=470547651,Don't Say,The Chainsmokers / Emily Warren,2757
https://music.163.com/song?id=27526334,Wild for the Night,A$AP Rocky / Skrillex,2755
https://music.163.com/song?id=475264125,Fade Away,Sam Feldt / Inna / Lush & Simon,2755
https://music.163.com/song?id=543919205,Gucci Prada (Original Mix),Dj Dejan Manojlovic,2754
https://music.163.com/song?id=1298486,I Need Some Sleep,Eels,2754
https://music.163.com/song?id=467952432,Go F*** Yourself (Nick Talos Edit),Nick Talos / Two Feet,2753
https://music.163.com/song?id=34999466,GOOD,GOT7,2752
https://music.163.com/song?id=33111628,Restart,Subtact,2751
https://music.163.com/song?id=435289485,Grey Noise,BEAUZ / LO,2751
https://music.163.com/song?id=541492319,Far Away,M&K / Cyan Lpegd,2751
https://music.163.com/song?id=26459285,Cherry Pepsi,SAINT PEPSI,2750
https://music.163.com/song?id=453185842,Heart Of Steel,Raiden / Bright Lights,2748
https://music.163.com/song?id=430297414,True Colours,Tom Odell,2746
https://music.163.com/song?id=485775554,Let It Pass,Jakob Ogawa,2743
https://music.163.com/song?id=18311549,The Water,Hurts,2743
https://music.163.com/song?id=16431978,I Love You,Avril Lavigne,2740
https://music.163.com/song?id=4279436,Cornflowers,Sopor Æternus & the Ensemble of Shadows,2740
https://music.163.com/song?id=32432008,Sweet Dreams,Hex Cougar,2739
https://music.163.com/song?id=28845423,Love Lockdown,Glass Animals,2738
https://music.163.com/song?id=550575115,✄ ღ,Dayfly,2737
https://music.163.com/song?id=1296588129,Side Effects,The Chainsmokers / Emily Warren,2736
https://music.163.com/song?id=416360297,STAY,Norah Benatia,2736
https://music.163.com/song?id=399953119,ilusm,gnash,2736
https://music.163.com/song?id=27713011,Pocketful of Poetry,Mindy Gledhill,2736
https://music.163.com/song?id=427542287,Not Going Home,DVBBS / CMC$ / Gia Koka,2735
https://music.163.com/song?id=502709934,Destiny,Headhunterz,2735
https://music.163.com/song?id=545200263,Alone,Halsey / Big Sean / Stefflon Don,2734
https://music.163.com/song?id=37820817,We've Been Here Before,Matt Beilis,2733
https://music.163.com/song?id=33791466,Party Up,Destructo / YG,2733
https://music.163.com/song?id=412911865,Apricity,Joe Lyons / Elysian,2732
https://music.163.com/song?id=32102871,"1,2,3,4 (One, Two, Three, Four) [Fun Radio Edit]",Funbeat,2731
https://music.163.com/song?id=520458166,sunflower feelings,Kuzu Mellow / korou,2731
https://music.163.com/song?id=431610321,Anywhere You Go,NERVO / Timmy Trumpet,2730
https://music.163.com/song?id=27671158,Popular Song,Ariana Grande / Mika,2730
https://music.163.com/song?id=32717338,Nevermind,Wisp X,2730
https://music.163.com/song?id=436305026,In My Head,Virtual Riot / PRXZM,2729
https://music.163.com/song?id=32807483,Boba Beach,Grynpyret,2728
https://music.163.com/song?id=520012673,Naked,James Arthur,2728
https://music.163.com/song?id=35956764,What Do You Mean (JANJI REMIX),Janji / Justin Bieber,2725
https://music.163.com/song?id=862223911,Sleeping Beauty,End of the World / Epik High,2724
https://music.163.com/song?id=460043345,All I Need,Joakim Lundell / Arrhult,2724
https://music.163.com/song?id=33166857,Nothing Stopping Me,Vicetone / Kat Nestel,2724
https://music.163.com/song?id=3156775,Primadonna,Marina and the Diamonds,2723
https://music.163.com/song?id=426026535,Miracle,Tiborg,2723
https://music.163.com/song?id=489506338,The Next Episode (Ummet Ozcan Remix),Ummet Ozcan / Dr. Dre / Snoop Dogg,2721
https://music.163.com/song?id=16963280,Feel So Close - Radio Edit,Calvin Harris,2721
https://music.163.com/song?id=30854503,Yours Truly (feat. Danyka Nadeau),Mr FijiWiji / Danyka Nadeau,2718
https://music.163.com/song?id=19562003,No Limit,Befour,2717
https://music.163.com/song?id=495220827,Crawl Outta Love,ILLENIUM / Annika Wells,2717
https://music.163.com/song?id=22614241,Superstar,Jamelia,2717
https://music.163.com/song?id=20703825,Even Now,William Fitzsimmons,2716
https://music.163.com/song?id=419250715,Something In The Way You Move (Said The Sky Remix),Said The Sky / Ellie Goulding,2713
https://music.163.com/song?id=862741536,Умри если меня не любишь,AnimeVibe,2711
https://music.163.com/song?id=1787867,Just A Dream,Nelly,2710
https://music.163.com/song?id=27588372,Officially Missing You,Jayesslee,2710
https://music.163.com/song?id=407889615,Samurai,DEAF KEV,2710
https://music.163.com/song?id=450048037,Situations,DANYAL,2709
https://music.163.com/song?id=435417785,Taped Up Heart,KREAM / Clara Mae,2708
https://music.163.com/song?id=548103852,I Wanna Be Your Lover,Prince,2708
https://music.163.com/song?id=18694935,If I Ever Leave You,June Noa,2705
https://music.163.com/song?id=400074157,Saïgon (Original Mix),Florian Picasso,2701
https://music.163.com/song?id=27713179,Whispers,Dave Baxter,2700
https://music.163.com/song?id=32431632,High Above,Starix​,2699
https://music.163.com/song?id=21562999,California King Bed,Rihanna,2699
https://music.163.com/song?id=2931592,Graveyard,Lucy Schwartz,2699
https://music.163.com/song?id=17517298,Sleep With You,Egil Olsen,2698
https://music.163.com/song?id=1695655,Snow White,Maximilian Hecker,2697
https://music.163.com/song?id=484730491,heartbeating (not referencing a pulse),WRAITH,2696
https://music.163.com/song?id=493285629,Everyday,Virtual Riot / Yosie,2696
https://music.163.com/song?id=454069695,World (Original Mix),Kicks N Licks / Ruls,2696
https://music.163.com/song?id=460112278,Cheating Love,Born Stranger / Caitlyn Scarlett,2695
https://music.163.com/song?id=511921465,Old School Turntables,Matt DiMona,2694
https://music.163.com/song?id=536243569,Faded Love,Tinashé / Future,2694
https://music.163.com/song?id=449577299,Tokyo (Original Mix),Furkan Soysal,2692
https://music.163.com/song?id=498555694,Octahate (Natio Remix),Natio / Ryn Weaver,2691
https://music.163.com/song?id=520537449,Don’t Come Home,Navarra,2690
https://music.163.com/song?id=31010490,Glorious (OLWIK Remix),Synchronice / Kasum,2689
https://music.163.com/song?id=27588467,What If I Loved You,Galen Crew,2689
https://music.163.com/song?id=16509522,Both Of Us,B.o.B / Taylor Swift,2687
https://music.163.com/song?id=21799566,Juicy,The Notorious B.I.G.,2687
https://music.163.com/song?id=431826014,BRAVOTEAM,Last Call,2686
https://music.163.com/song?id=26278682,Mammoth (Original Mix),Dimitri Vegas & Like Mike / Moguai,2685
https://music.163.com/song?id=2113043,Dear Lord,Tupac,2685
https://music.163.com/song?id=457552130,Come Home,Sad Eye,2684
https://music.163.com/song?id=27646424,Marry Me,Jason DeRulo,2683
https://music.163.com/song?id=1331881147,what are you so afraid of,XXXTENTACION,2682
https://music.163.com/song?id=2511826,Stand Up (Reach For The Sky),Delegation,2682
https://music.163.com/song?id=16667427,Every Time I Close My Eyes,Babyface / Mariah Carey / Kenny G / Shelia E.,2681
https://music.163.com/song?id=5042274,The Sound of Silence,Garfunkel / SIMON,2680
https://music.163.com/song?id=460514766,XOXO (Original Mix),Laidback Luke / Ina / Ralvero,2680
https://music.163.com/song?id=418550968,I Love My Lawyer,Ofelia K,2679
https://music.163.com/song?id=410802708,Cheap Thrills (Damned x Jakoban Remix),Damned / Jakoban / Sia,2677
https://music.163.com/song?id=3229858,Tripoli,Pinback,2676
https://music.163.com/song?id=33071094,Another One,Mac Demarco,2676
https://music.163.com/song?id=16660840,Ain't No Sunshine,Buddy Guy / Tracy Chapman,2676
https://music.163.com/song?id=436487984,I Want You so Bad,GLADES,2676
https://music.163.com/song?id=475264147,These Heights,Lucas & Steve / Bassjackers / Caroline Pennell,2675
https://music.163.com/song?id=17132597,Down The Road,C2C,2674
https://music.163.com/song?id=1302132104,Real Friends,Camila Cabello / Swae Lee,2674
https://music.163.com/song?id=456175752,Wake Up,KAYZO,2673
https://music.163.com/song?id=466126465,Here Comes The Night (NGHTMRE Remix),DJ Snake / Mr. Hudson / NGHTMRE,2673
https://music.163.com/song?id=27860419,here comes the sweater weather,Lullatone,2673
https://music.163.com/song?id=864513777,One Last Time,Jesper Jenset / Gromee,2672
https://music.163.com/song?id=3716408,Breathe,The Silent League,2672
https://music.163.com/song?id=459062263,Разве ты не знаешь,ЭGO,2670
https://music.163.com/song?id=431610177,Frankenstein,OmenXIII,2667
https://music.163.com/song?id=405612793,Next Levels (TheFatRat Remix),TheFatRat / Avicii,2665
https://music.163.com/song?id=22064632,Everything,Michael Bublé,2665
https://music.163.com/song?id=17800981,Valentine,From Your Balcony,2665
https://music.163.com/song?id=29460609,All Hands On Deck,Tinashé,2664
https://music.163.com/song?id=17405520,Bang Bang - Instrumental Version,Dr. Dre,2663
https://music.163.com/song?id=30070154,Find Love,Masetti,2662
https://music.163.com/song?id=402070458,Cut It,O.T. Genasis / Young Dolph,2662
https://music.163.com/song?id=33343594,Inside Our Hearts (Original),Children Of The Hollow Earth / Jacoo,2662
https://music.163.com/song?id=532776129,Idk Why Tho Babe,Logan Cannon / Lil Lion Boy,2660
https://music.163.com/song?id=19279266,Welcome 2 Detroit - Album Version (Explicit),Trick Trick / Eminem,2658
https://music.163.com/song?id=507114157,Debt 'N Eight,heRobust,2657
https://music.163.com/song?id=22311384,C'mon Through,Lasse Lindh,2657
https://music.163.com/song?id=31152600,Carried Away,Great Good Fine OK,2657
https://music.163.com/song?id=25683868,Ode To Oi -  (Original Mix),TJR / Pitbull,2657
https://music.163.com/song?id=16963129,I Need Your Love,Calvin Harris / Ellie Goulding,2655
https://music.163.com/song?id=19164060,Awake and Alive (Album Version),Skillet,2655
https://music.163.com/song?id=412175901,You Will Remember,Marius De Le Mer / Samantha Powell,2655
https://music.163.com/song?id=437608233,THE BODIES FALL JUST LIKE THE LEAVES,RVMIRXZ,2653
https://music.163.com/song?id=18275226,Hit The Ground Runnin',Haley Reinhart,2653
https://music.163.com/song?id=34084260,You Belong With Me,Kidz Bop Kids,2651
https://music.163.com/song?id=1314794977,Jason.c-COCO (Jason.c Extended Mix)（Jason.c Remix）,Jason.c,2650
https://music.163.com/song?id=548785184,Ze Willen Mee,Hardwell / Bizzey / Lil Kleine / Chivv,2650
https://music.163.com/song?id=16762310,Bang Bang Boom Boom,Beth Hart,2650
https://music.163.com/song?id=27528003,You Should Get Over Me,Jessica Wolff,2649
https://music.163.com/song?id=18938918,24-25,Kings of Convenience,2647
https://music.163.com/song?id=31708004,Night Owl,She's,2646
https://music.163.com/song?id=405597197,Mama Said,Lukas Graham,2645
https://music.163.com/song?id=5044004,Theme From Superman,John Williams,2644
https://music.163.com/song?id=32897243,You Got The Love (Deep Chills Remix),Deep Chills,2643
https://music.163.com/song?id=1300423391,isaac dunbar woman on the hills,isaac dunbar,2642
https://music.163.com/song?id=412785125,Feel (Radio Edit),Mahmut Orhan / Sena Sener,2641
https://music.163.com/song?id=522429028,I'm Not Racist,Joyner Lucas,2641
https://music.163.com/song?id=420513402,No Money (OutaMatic Remix),OutaMatic / Galantis,2639
https://music.163.com/song?id=466126508,With You,Magnificence / Venomenal / Emelie Cyréus,2639
https://music.163.com/song?id=21799569,Big Poppa,The Notorious B.I.G.,2638
https://music.163.com/song?id=34999489,Hold On (Extended Mix),Moguai / Cheat Codes,2636
https://music.163.com/song?id=36089282,Bruise,LeMarquis,2636
https://music.163.com/song?id=489998139,True Feeling,Galantis,2636
https://music.163.com/song?id=4237162,Keep Talking,Pink Floyd,2634
https://music.163.com/song?id=4132266,Year 3000,Jonas Brothers,2634
https://music.163.com/song?id=28234342,It Hurts the Heart,Tim Walker,2634
https://music.163.com/song?id=31861594,Not Into U,astronomyy,2633
https://music.163.com/song?id=27845048,Dont it,The Bosshoss,2633
https://music.163.com/song?id=514415065,Broken Summer,DJ Snake / Max Frost,2632
https://music.163.com/song?id=571338335,Public Enemy,Yellow Claw / DJ Snake,2631
https://music.163.com/song?id=527779642,People Say,Don Diablo / Paije,2630
https://music.163.com/song?id=536937957,Alibi,Krewella,2629
https://music.163.com/song?id=470795260,Don't Let Our Love Go Cold,Red Rosamond,2629
https://music.163.com/song?id=427595465,Got Me,St. South,2629
https://music.163.com/song?id=563382962,Bracelet,Lauv,2629
https://music.163.com/song?id=1323455473,1999 (Alphalove Remix),Charli XCX / Troye Sivan,2628
https://music.163.com/song?id=35420480,Love For That,Mura Masa / Shura,2627
https://music.163.com/song?id=21609169,Jet Lag,Simple Plan / Natasha Bedingfield,2627
https://music.163.com/song?id=466804067,Scarymonster,Cenverr,2627
https://music.163.com/song?id=33365175,Here (Lucian Remix),Alessia Cara / Lucian,2626
https://music.163.com/song?id=32924687,ILYAF 1996,Anna of the North,2626
https://music.163.com/song?id=567098893,Entertainer,ZAYN,2625
https://music.163.com/song?id=419594572,Puzzles,£L,2624
https://music.163.com/song?id=21965613,Curse the Night,The Raveonettes,2623
https://music.163.com/song?id=36198573,Panic (Skyloud Remix),Skyloud / Phantom Sage / Detrace,2622
https://music.163.com/song?id=2001276,England Had a Queen,Tamas Wells,2620
https://music.163.com/song?id=433018809,Habit,Rain Man / Krysta Youngs,2620
https://music.163.com/song?id=21857108,Eternal Flame,Tiffany Giardina,2620
https://music.163.com/song?id=27848769,Bloom,The Paper Kites,2618
https://music.163.com/song?id=503068773,Attention (Remix),Charlie Puth / Kyle,2617
https://music.163.com/song?id=472050282,Touch,Haux,2616
https://music.163.com/song?id=28582819,Stranger,Noosa,2616
https://music.163.com/song?id=36103119,"I Shall Rise (From ""Rise of the Tomb Raider"")",Karen O,2615
https://music.163.com/song?id=18602293,Angel,Jack Johnson,2613
https://music.163.com/song?id=28747438,Tell Me If You Wanna Go Home (Rooftop Mix),Keira Knightley / Hailee Steinfeld,2613
https://music.163.com/song?id=1323757509,Chances,Backstreet Boys,2613
https://music.163.com/song?id=444524555,Starlight,FEWZ,2613
https://music.163.com/song?id=425372124,Move,Saint Motel,2612
https://music.163.com/song?id=29769459,Let It Go,Demi Lovato,2612
https://music.163.com/song?id=524296225,Slow (R3HAB Remix),Matoma / Noah Cyrus / R3hab,2612
https://music.163.com/song?id=552551056,0213,Buzzi / aoo,2611
https://music.163.com/song?id=1877048,Oh Pretty Woman,Roy Orbison,2610
https://music.163.com/song?id=4304699,Sweet Victory,David Eisley / Bob Kulick,2608
https://music.163.com/song?id=519367080,You & I,Mike Williams / Dastic,2607
https://music.163.com/song?id=5051420,Cell Block Tango,Taye Diggs / Susan Misner / Deidre Goodwin / Denise Faye / Mya Harrison,2607
https://music.163.com/song?id=28283531,Wrecking Ball (The Voice Performance),Christina Grimmie,2604
https://music.163.com/song?id=475072477,Hallucinations,R3hab / R I T U A L,2603
https://music.163.com/song?id=448316305,hurt,X ACTO,2602
https://music.163.com/song?id=468819030,The Calling (Da Tweekaz Remix),Da Tweekaz / TheFatRat / Laura Brehm,2602
https://music.163.com/song?id=534445858,Mo Bamba,Sheck Wes,2602
https://music.163.com/song?id=534539182,Amen,Rich Brian,2601
https://music.163.com/song?id=26324176,My 2 Cents,Caro Emerald,2600
https://music.163.com/song?id=456175182,Slippery,Migos / Gucci Mane,2600
https://music.163.com/song?id=26201820,Bonfire,Knife Party,2600
https://music.163.com/song?id=26060069,Au Revoir,OneRepublic,2600
https://music.163.com/song?id=406096688,The Right Song (Mike Williams Remix),Tiësto / Oliver Heldens / Natalie La Rose / Mike Williams,2597
https://music.163.com/song?id=1695649,Anaesthesia,Maximilian Hecker,2597
https://music.163.com/song?id=22813738,Tell Me,Wonder Girls,2596
https://music.163.com/song?id=862102221,in love,vietra,2595
https://music.163.com/song?id=34229967,Ma Baby,Bobby Moon,2594
https://music.163.com/song?id=514053624,Love On Me,Steerner,2593
https://music.163.com/song?id=27938330,The One,JMSN,2593
https://music.163.com/song?id=5097467,Warcraft Montage,Various Artists,2593
https://music.163.com/song?id=551804225,Higher Brothers - Made In China (Donny Bootleg),Donny / Higher Brothers,2593
https://music.163.com/song?id=411315706,Sugar,Terror Jr,2591
https://music.163.com/song?id=422790152,Do You Mind,DJ Khaled / Nicki Minaj / Chris Brown / August Alsina / Jeremih / Future / Rick Ross,2589
https://music.163.com/song?id=2701500,Dolly Song,Holly Dolly,2588
https://music.163.com/song?id=420154638,Patience,Shawn Mendes,2587
https://music.163.com/song?id=515803189,Runnin' (Original Mix),EDX,2585
https://music.163.com/song?id=26469009,Jack,HVOB,2585
https://music.163.com/song?id=547976271,So Long,ALXVLTZ / Shiloh Dynasty,2585
https://music.163.com/song?id=440208815,2Be,Kirsten Leigh,2585
https://music.163.com/song?id=451521061,Never meant to,Lil Lotus,2584
https://music.163.com/song?id=502238299,LOVE ME LOVE ME (Japanese Ver.),WINNER,2584
https://music.163.com/song?id=534540558,REALLY REALLY (Japanese Ver.),WINNER,2583
https://music.163.com/song?id=34497204,Feel That,Kronic / Raven Felix,2582
https://music.163.com/song?id=28577877,Pop Danthology 2013,DJ Daniel Kim,2580
https://music.163.com/song?id=31477372,Ends Collide,Sandra Lyng,2580
https://music.163.com/song?id=2408883,In He Comes,Cathy Davey,2579
https://music.163.com/song?id=33307093,Old Thing Back,Matoma / The Notorious B.I.G. / Ja Rule / Ralph Tresvant,2579
https://music.163.com/song?id=406347022,LIKE I WOULD,ZAYN,2578
https://music.163.com/song?id=472018909,Faithful,Phora,2578
https://music.163.com/song?id=27680300,You Make Me,Avicii,2577
https://music.163.com/song?id=27955231,Indecent(Radio Edit),Xana,2577
https://music.163.com/song?id=27910409,Second Heartbeat,Shy Girls,2576
https://music.163.com/song?id=512358397,Wrong,Far Out / Emilia Ali,2576
https://music.163.com/song?id=469073947,Magic,Thomas Gold / Jillian Edwards,2576
https://music.163.com/song?id=460112985,Barcelona,Ed Sheeran,2575
https://music.163.com/song?id=458995140,Cruise,Kygo / Andrew Jackson,2574
https://music.163.com/song?id=29743191,Time of Our Lives,Pitbull / Ne-Yo,2573
https://music.163.com/song?id=574299505,Whenever,Kris Kross Amsterdam / The Boy Next Door / Conor Maynard,2572
https://music.163.com/song?id=482999322,Move Mint (VIP),heRobust,2570
https://music.163.com/song?id=400875431,Bake Sale,Wiz Khalifa / Travis Scott,2570
https://music.163.com/song?id=528258942,Yuki Hayashi - You Say Run (Wisp X Remix),Wisp X,2569
https://music.163.com/song?id=34532814,Can't Get Enough,Basenji,2569
https://music.163.com/song?id=22377370,U Can't Touch This,MC Hammer,2569
https://music.163.com/song?id=22334604,As The Deer,Cadet,2568
https://music.163.com/song?id=1519361,Overboard,Jessica Jarrell / Justin Bieber,2568
https://music.163.com/song?id=433681384,Is It Over (Original Mix),Disco Fries / SHANAHAN / Shy Martin,2568
https://music.163.com/song?id=32719128,Molly Town,Joss Stone,2567
https://music.163.com/song?id=439037325,Someone to Stay,Vancouver Sleep Clinic,2567
https://music.163.com/song?id=33887620,Carry Me,Family of the Year,2567
https://music.163.com/song?id=437605123,gone,Flexshomaru / EndyEnds,2565
https://music.163.com/song?id=3648784,Mr. Sandman,The Chordettes,2565
https://music.163.com/song?id=19081691,Insecurity,Scars On 45,2565
https://music.163.com/song?id=34341141,Memories (Original Mix),Bassjackers / Sirah / KSHMR,2563
https://music.163.com/song?id=31649373,Ishonmasman,Sardor Rakhimxon,2563
https://music.163.com/song?id=485070728,Hey Jude,John Lennon / Paul McCartney / It's a Cover Up,2563
https://music.163.com/song?id=34367464,Summer '97,GRIZ / Muzzy Bearr,2563
https://music.163.com/song?id=33486106,Dance With Me,Felix Jaehn / THALLIE ANN SEENYEN,2562
https://music.163.com/song?id=28253241,Believe It,Cimorelli,2561
https://music.163.com/song?id=420500930,White Trash Midwestern Town,Bones,2560
https://music.163.com/song?id=505060664,Mistakes,Tove Styrke,2560
https://music.163.com/song?id=28947009,The Fault In Our Stars (MMXIV),Troye Sivan,2560
https://music.163.com/song?id=534541275,Peanut Butter,OMFG,2559
https://music.163.com/song?id=17910223,Why Am I the One,Fun.,2559
https://music.163.com/song?id=1492853,Thousands Are Sailing,Liam Neeson,2557
https://music.163.com/song?id=5119549,Lovin' You,Marcela Mangabeira,2557
https://music.163.com/song?id=401386048,Gingerbread Man,Melanie Martinez,2556
https://music.163.com/song?id=1298232,Crack a Bottle,50 Cent / Eminem / Dr. Dre,2556
https://music.163.com/song?id=26289230,The Last Resort,Eagles,2556
https://music.163.com/song?id=520458035,Crazy,Lost Frequencies / Zonderling,2555
https://music.163.com/song?id=35345573,Waiting For Love ( Severo & ADEM Remix ),Severo / Adem / Avicii,2553
https://music.163.com/song?id=425136454,Justified,Jon Waltz,2551
https://music.163.com/song?id=32405900,Bowser (Original Mix),W&W / Blasterjaxx,2550
https://music.163.com/song?id=1074749,11:11,Austin Mahone,2549
https://music.163.com/song?id=1609149,Hush,Jonas David,2547
https://music.163.com/song?id=454711700,Please Don't Go (Afterfab Remix),Afterfab / Joel Adams,2546
https://music.163.com/song?id=432792478,yoshi's new story,Tenkitsune,2544
https://music.163.com/song?id=522429774,A Million Dreams,Hugh Jackman / Ziv Zaifman / Michelle Williams,2543
https://music.163.com/song?id=30051915,Mi Persona Favorita,Río Roma,2542
https://music.163.com/song?id=17341942,Give Your Heart A Break,Demi Lovato,2542
https://music.163.com/song?id=419594703,You're Mine,Dripice / Axis / Yonetro,2542
https://music.163.com/song?id=467805456,What I Know,Isaac Sakima / AObeats,2541
https://music.163.com/song?id=29803218,Meant To Be,J-Hype,2540
https://music.163.com/song?id=463159948,Uni Yuragi,Shoxruz (Abadiya),2539
https://music.163.com/song?id=1350749,Don't Wanna Try (Album Version),Frankie J,2538
https://music.163.com/song?id=409941054,**** Donald Trump (YULTRON Remix),Yultron / Nipsey Hussle / YG,2537
https://music.163.com/song?id=442867192,Setting Fires (ADAG!O Remix),ADAG!O / The Chainsmokers / XYLØ,2536
https://music.163.com/song?id=29009706,Turn Up The Speakers (Original Mix),Afrojack / Martin Garrix,2535
https://music.163.com/song?id=26207071,Cups (Pitch Perfect’s “When I’m Gone”) (Pop Version),Anna Kendrick,2535
https://music.163.com/song?id=39443742,Try,Axero,2534
https://music.163.com/song?id=447079287,Everything to Me,Great Good Fine OK,2534
https://music.163.com/song?id=1330529290,Ready To Rave,W&W / Armin van Buuren,2533
https://music.163.com/song?id=28381439,From Gold,Novo Amor,2533
https://music.163.com/song?id=461544314,Bad Things,Kurt Hugo Schneider / Sam Tsui / Madilyn Bailey,2531
https://music.163.com/song?id=572720629,I'm a Mess,Bebe Rexha,2531
https://music.163.com/song?id=544056531,With You,Spada / fiction.,2530
https://music.163.com/song?id=4339151,Dust It Off,The Dø,2529
https://music.163.com/song?id=27678541,Robbers,The 1975,2529
https://music.163.com/song?id=460043706,New Man,Ed Sheeran,2529
https://music.163.com/song?id=480426329,Glowing,FTampa,2529
https://music.163.com/song?id=426850133,Swayze,I Am Karate,2528
https://music.163.com/song?id=503323555,Avicii-Faster Than Light（Avicii remix）,Avicii,2527
https://music.163.com/song?id=21014925,Danser Sur Le Disco,La Grande Sophie,2525
https://music.163.com/song?id=465973470,Love Me Again,Frances,2525
https://music.163.com/song?id=36586297,Midnight Sun,Luka Krajina,2524
https://music.163.com/song?id=519935113,Slow Down,Mac Ayres,2524
https://music.163.com/song?id=555974256,Salt Is My Sugar (TheFatRat Remix),MarieMarie / TheFatRat,2523
https://music.163.com/song?id=30355928,Heavy Wave,Motorama,2521
https://music.163.com/song?id=28535334,Sad Machine,Porter Robinson,2521
https://music.163.com/song?id=536870475,Black Panther,Kendrick Lamar,2520
https://music.163.com/song?id=1299459,Always On My Mind,Elvis Presley,2520
https://music.163.com/song?id=472315839,Orange Range - Asterisk (Wisp X Remix),Wisp X,2519
https://music.163.com/song?id=1427404,I Like to Move It,will.i.am,2518
https://music.163.com/song?id=28774133,Locket,Kilo Kish,2518
https://music.163.com/song?id=2117004,J'En Ai Marre,Alizée,2517
https://music.163.com/song?id=522444178,Lemon (Edit),N.E.R.D. / Rihanna,2517
https://music.163.com/song?id=501220742,How Does it Feel,DLMT / Ellis / AWR,2514
https://music.163.com/song?id=3417073,Dragonfly,Smile. DK,2514
https://music.163.com/song?id=534544522,Normal,Sasha Sloan,2513
https://music.163.com/song?id=1318476250,when the party's over,Billie Eilish,2512
https://music.163.com/song?id=2417153,Levi Blues,Dala,2512
https://music.163.com/song?id=410801222,Middle (DJ Snake Cover),Savi / DJ Snake / Philly K,2512
https://music.163.com/song?id=459078809,Rainbow Six Siege Main Theme,Paul Haslinger,2512
https://music.163.com/song?id=34723926,Hide,Anna Yvette,2509
https://music.163.com/song?id=495550880,Believer (Live/Acoustic),Imagine Dragons,2509
https://music.163.com/song?id=19375094,California Love,Tupac / Dr. Dre / Roger Troutman,2508
https://music.163.com/song?id=516818116,All I Got,Said The Sky / kwesi,2507
https://music.163.com/song?id=485992064,Aftertaste,Totem,2507
https://music.163.com/song?id=33916256,You Know You Like It,DJ Snake,2507
https://music.163.com/song?id=495218266,Hymn,Kesha,2506
https://music.163.com/song?id=21157045,Miss Underwater,Maximilian Hecker,2506
https://music.163.com/song?id=28282684,Cross My Mind,Twin Forks,2503
https://music.163.com/song?id=454698378,Electric,Alina Baraz / Khalid,2502
https://music.163.com/song?id=553812216,Ocean,DEAMN,2502
https://music.163.com/song?id=504777431,Run Free (Radio Edit),Deep Chills / IVIE,2501
https://music.163.com/song?id=4220412,Untitled,NASA,2500
https://music.163.com/song?id=409646486,On The Road,Dave Erpson / The Flash Music,2499
https://music.163.com/song?id=469744777,I DONT UNDERSTAND YOU,kriiq,2496
https://music.163.com/song?id=32069278,Shut Out of Paradise,Slo,2496
https://music.163.com/song?id=464009629,Falling Autumn,Alayna,2495
https://music.163.com/song?id=456175956,Like A Bitch (Kill The Noise Remix),Zomboy / Kill The Noise,2495
https://music.163.com/song?id=30398380,Scary Monsters And Nice Sprites (Radar Detector Remix),Radar Detector / Skrillex,2494
https://music.163.com/song?id=36664750,Light It Up (Remix),Major Lazer / Nyla / Fuse Odg,2493
https://music.163.com/song?id=421148741,Unstoppable,SAM F,2493
https://music.163.com/song?id=36664355,Bum Bum Bum,BIFFGUYZ,2492
https://music.163.com/song?id=407862337,Come to L.A.,Pretty Sister,2491
https://music.163.com/song?id=544247583,Never Fall In Love,Jack Antonoff / MØ,2490
https://music.163.com/song?id=469699319,Im closing my eyes,potsu,2490
https://music.163.com/song?id=1072982,Mi Amor,Matt Hunter,2488
https://music.163.com/song?id=3747113,Cheek to Cheek,Tony O'Malley,2488
https://music.163.com/song?id=490622016,Echo,Choco / No Mondays,2487
https://music.163.com/song?id=512648466,Without You (Otto Knows Remix),Avicii / Sandro Cavazza / Otto Knows,2485
https://music.163.com/song?id=477933916,Kiwi,Harry Styles,2484
https://music.163.com/song?id=29849337,Throw Sum Mo,Rae Sremmurd / Nicki Minaj / Young Thug,2484
https://music.163.com/song?id=1315696918,Happy Now,Kygo / Sandro Cavazza,2483
https://music.163.com/song?id=562494144,Wake Me When It's Quiet,Hilda / Don Diablo,2482
https://music.163.com/song?id=529834842,Bite Your Soul,HYE SUNG / Shiloh,2482
https://music.163.com/song?id=35440252,Raccoon City,Aether / SizzleBird / Veela,2482
https://music.163.com/song?id=17620227,Real Muthaphuckkin G's,Eazy-E,2480
https://music.163.com/song?id=411907395,Without You (Electus Remix),Electus / ILLENIUM,2479
https://music.163.com/song?id=18672764,SexyBack,Justin Timberlake / Timbaland,2479
https://music.163.com/song?id=5039542,Gotta Be Somebody,Nickelback,2479
https://music.163.com/song?id=548103862,Pure Imagination,Bryan Nguyen / Merethe Soltvedt,2478
https://music.163.com/song?id=456185368,White Noise (R3hab Remix),R3hab / Ella Vos,2477
https://music.163.com/song?id=21117974,EST 4 Life,Machine Gun Kelly / DJ Xplosive / Dubo,2477
https://music.163.com/song?id=28524064,Never Play,Emily and the Woods,2477
https://music.163.com/song?id=16847752,Into Black,Blouse,2476
https://music.163.com/song?id=494407929,she was a pretty one,lanie ❀ / Pao Gumba,2476
https://music.163.com/song?id=33294748,Hey My Love (Radio Mix),DeepSystem,2476
https://music.163.com/song?id=37610425,Ashley,Lido / Santell,2476
https://music.163.com/song?id=31090686,Time to go home,Jacoo,2476
https://music.163.com/song?id=426290545,Love From Me,Johnson Rodgie / Taylah Cox,2475
https://music.163.com/song?id=481764066,Good Things,Beatrich / Radistai Dj's,2475
https://music.163.com/song?id=425298437,Swang,Rae Sremmurd,2475
https://music.163.com/song?id=540974969,Low (R3HAB Remix),Greyson Chance / R3hab,2474
https://music.163.com/song?id=862099075,Stars,Marshmello,2474
https://music.163.com/song?id=1308818964,Oh Nanana,Bonde R300,2473
https://music.163.com/song?id=29734870,S.T.A.Y.,Hans Zimmer,2472
https://music.163.com/song?id=557628431,When We Were Young,Norma Jean Martine / Lost Kings,2472
https://music.163.com/song?id=452986206,Rising High,Shavi / Beatrich,2472
https://music.163.com/song?id=516827189,In Your Eyes,BEAUZ / Enya Angel,2471
https://music.163.com/song?id=35090543,Sunset Jesus,Avicii / Gavin Degraw,2471
https://music.163.com/song?id=17895109,Flat of Angles,Benedict Cumberbatch,2470
https://music.163.com/song?id=563523507,What You Do,R3hab / Skytech,2469
https://music.163.com/song?id=29498732,Etude,Nero,2469
https://music.163.com/song?id=41662978,Ultimate (Remix),Denzel Curry,2469
https://music.163.com/song?id=470573851,"i hate you, but i love you",Lil Yung Pharaoh,2469
https://music.163.com/song?id=865895558,Sun In Our Eyes,MØ / Diplo,2468
https://music.163.com/song?id=429528731,U,H.E.R.,2468
https://music.163.com/song?id=479408889,I Have Questions,Camila Cabello,2467
https://music.163.com/song?id=28038363,Where Is My Mind,Sunday Girl,2467
https://music.163.com/song?id=28971280,Be My Baby,Ariana Grande,2465
https://music.163.com/song?id=525239772,Cool Girl (feat. BAER),BEAUZ / Subfer,2465
https://music.163.com/song?id=420500493,What I Know,Jød / Maki Flow / Meid,2464
https://music.163.com/song?id=3597649,Big bad world,The Real Group,2463
https://music.163.com/song?id=518894600,Underneath The Mistletoe,Sia,2460
https://music.163.com/song?id=476638612,There's Nothing Holdin' Me Back (NOTD Remix),Shawn Mendes / NOTD,2460
https://music.163.com/song?id=862099069,Shine A Light,Hardwell / Wildstylez / KiFi,2460
https://music.163.com/song?id=5040046,Heart Of Gold,Neil Young,2460
https://music.163.com/song?id=414670221,Beautiful Life,Lost Frequencies / Sandro Cavazza,2459
https://music.163.com/song?id=1317089738,ZEZE,Kodak Black / Travis Scott / Offset,2459
https://music.163.com/song?id=539227545,New York City,Owl City,2459
https://music.163.com/song?id=406072563,ラ・ム・ネ (ra-mu-ne),Ujico*/Snail's house,2457
https://music.163.com/song?id=1331404849,1999 (R3HAB Remix),Charli XCX / Troye Sivan / R3hab,2457
https://music.163.com/song?id=2925107,Oh Susanna,Lisa Loeb / Elizabeth Mitchell,2457
https://music.163.com/song?id=2001007,Two Hearts Set On Fire,Shawn Hook,2457
https://music.163.com/song?id=468882984,Rockabye,J.Fla,2457
https://music.163.com/song?id=491686047,Human,Madilyn Bailey,2454
https://music.163.com/song?id=28738452,OctaHate,Ryn Weaver,2454
https://music.163.com/song?id=28662622,If I Saw You Again,Pages,2451
https://music.163.com/song?id=28283972,Radioactive,Imagine Dragons,2450
https://music.163.com/song?id=464674643,Surface (Original Mix),Pluto / Nevve,2450
https://music.163.com/song?id=34880248,Blank Space (Dreyer Remix),Dreyer / Alexi Blue,2450
https://music.163.com/song?id=470573536,It Ain't Me (Tiësto's AFTR:HRS Remix),Kygo / Selena Gomez / Tiësto,2449
https://music.163.com/song?id=524231617,We Don't Have To,Jai Waetford,2449
https://music.163.com/song?id=477331372,Be There,Krewella,2448
https://music.163.com/song?id=21609170,Astronaut,Simple Plan,2447
https://music.163.com/song?id=469744243,Follow Your Heart,Bvrnout / KROMATIKS / Cadence Ludden,2446
https://music.163.com/song?id=477933418,For You,LEO,2446
https://music.163.com/song?id=36308727,Where Are Ü Now (LIONE Remix),LIONE / Jack Ü / Ember Island,2446
https://music.163.com/song?id=574926583,Nonstop,Drake,2446
https://music.163.com/song?id=481077489,㋛,Dayfly,2444
https://music.163.com/song?id=426026689,Breath,Pluto / ye.,2443
https://music.163.com/song?id=436046406,Thank You (Miki Mouse & Krocodile Remix),Miki Mouse / Krocodile / Jesus Army,2443
https://music.163.com/song?id=1993578,Yesterday,Shawn Chrystopher,2443
https://music.163.com/song?id=1478636,Fly Me to the Moon,Joshua Radin,2442
https://music.163.com/song?id=517887072,Always (Original Mix),The Him,2442
https://music.163.com/song?id=1298383520,Too Much,ZAYN / Timbaland,2442
https://music.163.com/song?id=537407969,Number,Alexander Oscar,2442
https://music.163.com/song?id=456381013,Voodoo,Pegboard Nerds / Tony Junior,2441
https://music.163.com/song?id=22294453,Lisa Sa,[ingenting],2440
https://music.163.com/song?id=2285055,Gonna Fly Now,Bill Conti,2439
https://music.163.com/song?id=562494194,Taste,Tyga / Offset,2439
https://music.163.com/song?id=477934002,We Might Fall,GHASTLY / Matthew Koma,2439
https://music.163.com/song?id=518894119,ghost duet,Louie Zong,2438
https://music.163.com/song?id=438456248,"I spoke to the devil in miami, he said everything would be fine",XXXTENTACION,2436
https://music.163.com/song?id=458955529,Easy Love,Ida Corr,2435
https://music.163.com/song?id=487003745,Between the Stars,Canyon City,2434
https://music.163.com/song?id=451991303,Laser Eyes,Liyv,2433
https://music.163.com/song?id=1323301918,Raise Up The Lights,The Seige,2432
https://music.163.com/song?id=471474389,Taylor Swift-Blank Space(Howie X Bootleg)（Howie X remix）,Howie X,2431
https://music.163.com/song?id=480768380,I'm a Dreamer,Violet Days,2430
https://music.163.com/song?id=5051246,Don't Let Me Be Misunderstood,Santa Esmeralda,2429
https://music.163.com/song?id=1931803,Cold Winter Morning,River Crombie,2429
https://music.163.com/song?id=548097859,what i like about u,Jantine / Dante Klein,2429
https://music.163.com/song?id=31010713,Eclipse,Ryos / Allisa Rose,2428
https://music.163.com/song?id=405167971,Timber,MattyB,2428
https://music.163.com/song?id=1338586215,BAD!,R3hab / XXXTENTACION,2426
https://music.163.com/song?id=550466794,Baby I Don't Cry,Seven7,2424
https://music.163.com/song?id=529823282,White Lies (Original Mix),The Him,2424
https://music.163.com/song?id=27511380,Today My Life Begins,Bruno Mars,2424
https://music.163.com/song?id=3019048,Pretty Young Thing,Lene Nystrøm,2423
https://music.163.com/song?id=1297747560,Take You Down,ILLENIUM,2423
https://music.163.com/song?id=3953026,How Deep Is Your Love,Bee Gees,2422
https://music.163.com/song?id=461124860,Minute,NO WAY BACK / Sophia Black,2422
https://music.163.com/song?id=28457387,White Lies (Radio Edit),Vicetone,2422
https://music.163.com/song?id=464797664,I Don't Wanna Live Forever (Acoustic Version),Sam Tsui / Madilyn Bailey / Kina Grannis / Kurt Hugo Schneider,2422
https://music.163.com/song?id=28832245,Bend Ova,Lil Jon / Tyga,2421
https://music.163.com/song?id=448916038,Beautiful,Flori Mumajesi / Ledri Vula,2420
https://music.163.com/song?id=29392893,Catch It,Tobu,2420
https://music.163.com/song?id=29747526,Who Says,Selena Gomez,2419
https://music.163.com/song?id=414118662,"Hello, Hello",Mari Ferrari,2419
https://music.163.com/song?id=399343484,Money Printer,Dreezy,2419
https://music.163.com/song?id=540865840,Stranger Things,Joyner Lucas / Chris Brown,2419
https://music.163.com/song?id=464647452,I Can't Fall In Love Without You,Zara Larsson,2417
https://music.163.com/song?id=21907746,Unchained Melody,The Righteous Brothers,2416
https://music.163.com/song?id=412187726,No One Else,Starix​ / FREAKPASS / Aimi D,2416
https://music.163.com/song?id=406716306,OK!,Dodge & Fuski,2415
https://music.163.com/song?id=22417149,Strobe,Deadmau5,2414
https://music.163.com/song?id=494862182,I'm sorry,TROPICALWAVES / lil heartbreak,2413
https://music.163.com/song?id=493551017,Kolkata,KSHMR / Jdg / Mariana BO,2412
https://music.163.com/song?id=523030755,Space For Us,Wingtip / Youngr,2410
https://music.163.com/song?id=30621914,Cool (feat. Roy English),Alesso / Roy English,2408
https://music.163.com/song?id=29844835,Odyssey,Hi-Finesse,2408
https://music.163.com/song?id=28775815,Under Your Cloud (Mr FijiWiji Remix),Myon & Shane 54,2408
https://music.163.com/song?id=28707338,FIFA Anthem,Various Artists,2407
https://music.163.com/song?id=552458227,Anthem,Hardwell / Steve Aoki / Kris Kiss,2406
https://music.163.com/song?id=1694084,Mango Kimono,LJones,2406
https://music.163.com/song?id=421807033,No Heart,21 Savage / Metro Boomin,2405
https://music.163.com/song?id=445702291,Under Pressure,Queen / David Bowie,2404
https://music.163.com/song?id=28566207,Tee Shirt,Birdy,2403
https://music.163.com/song?id=26513177,Getting To Know You,Mark Redito,2402
https://music.163.com/song?id=464035718,Belle,Emma Watson / Luke Evans / Ensemble - Beauty and the Beast,2402
https://music.163.com/song?id=28096758,Changes (Radio Mix),Faul & Wad / Pnau,2402
https://music.163.com/song?id=461859348,Wasted Youth,Sonny Alven / Frida Amundsen,2399
https://music.163.com/song?id=28525821,Discoloration,Dawn Golden,2399
https://music.163.com/song?id=18548897,This I Promise You,Ronan Keating,2398
https://music.163.com/song?id=29827070,100 Pounds (prod Nik Nikateen),Tayyib Ali,2398
https://music.163.com/song?id=518076434,Semi-Charmed,Timeflies,2397
https://music.163.com/song?id=1519343,Baby,Ludacris / Justin Bieber,2395
https://music.163.com/song?id=456094949,Easier,Mansionair,2394
https://music.163.com/song?id=4080157,Liquid Feat. Fran,Format:B,2394
https://music.163.com/song?id=27134113,Im Yours,Jason Mraz,2394
https://music.163.com/song?id=544247020,Remind Me to Forget,Kygo / Miguel,2392
https://music.163.com/song?id=862100618,Warpaint,88rising / NIKI,2391
https://music.163.com/song?id=19160471,Like A Bullet,Stefanie Heinzmann,2391
https://music.163.com/song?id=30053958,Bring The Madness,Excision / Pegboard Nerds / Mayor Apeshit,2390
https://music.163.com/song?id=464192339,Galway Girl (Koni & Callum McBride Edit),Koni / Callum McBride / Ed Sheeran,2390
https://music.163.com/song?id=520461173,a friend in you.,korou. / Powfu,2389
https://music.163.com/song?id=1334774209,Fire On Fire,Sam Smith,2389
https://music.163.com/song?id=35497624,The Awakening,Silencyde,2389
https://music.163.com/song?id=474932946,Another Life (Radio Mix),Afrojack / David Guetta / Ester Dean,2388
https://music.163.com/song?id=486069558,Bellbottoms,The Jon Spencer Blues Explosion,2387
https://music.163.com/song?id=480583468,December,anders / Luca,2387
https://music.163.com/song?id=502706995,Losin' Myself,Savi / Ida da Silva,2386
https://music.163.com/song?id=21609173,Freaking Me Out,Simple Plan / Alex Gaskarth,2385
https://music.163.com/song?id=400581295,All That's Left,Manila Killa / Joni Fatora,2385
https://music.163.com/song?id=436487139,Break,Kero Kero Bonito,2384
https://music.163.com/song?id=35040590,Where To Start,Lou Doillon,2384
https://music.163.com/song?id=22261648,Hundreds Of Sparrows,Sparklehorse,2383
https://music.163.com/song?id=29528415,Heroes,Alesso / Tove Lo,2383
https://music.163.com/song?id=432698444,Love On Me,Galantis / Hook N Sling,2383
https://music.163.com/song?id=433018368,Icarus,R3hab,2383
https://music.163.com/song?id=2001321,Vendredi,Tamas Wells,2382
https://music.163.com/song?id=514211136,"Un Poco Loco (From ""Coco"")",Anthony Gonzalez / Gael Garcia Bernal,2382
https://music.163.com/song?id=489037240,빨간 맛 (Red Flavor),Red Velvet,2382
https://music.163.com/song?id=438580521,Bounce Back,Big Sean,2381
https://music.163.com/song?id=488654785,Pumping Up Clouds,Urban Cone,2381
https://music.163.com/song?id=1141860,Summer's song,Chase Coy,2381
https://music.163.com/song?id=1338626,Best Years of Our Lives,Evan Taubenfeld / Avril Lavigne,2381
https://music.163.com/song?id=28819744,Say You Will,Billy Gilman,2380
https://music.163.com/song?id=555942320,Never Be the Same,Camila Cabello / Kane Brown,2380
https://music.163.com/song?id=473602858,Come a Little Bit Closer,Jay & the Americans,2380
https://music.163.com/song?id=534540190,Little Prince,Rich Brian / NIKI,2380
https://music.163.com/song?id=36308387,In Your Eyes (Original mix),Kozoro / ZENI / Koo Read,2379
https://music.163.com/song?id=29019223,Maps,Maroon 5,2379
https://music.163.com/song?id=28313105,Heaven Sent,Mr. Little Jeans,2379
https://music.163.com/song?id=18836957,I Love You Forever,Jewel,2379
https://music.163.com/song?id=499027,A LETTER,Cyua,2379
https://music.163.com/song?id=4385492,Sexy Music,The Nolans,2378
https://music.163.com/song?id=27828457,Ghost Assassin (Original Mix),Maduk / Veela,2377
https://music.163.com/song?id=862854214,Monogamy,Christopher,2376
https://music.163.com/song?id=567318610,How You've Been,R3hab / Quinn Lewis,2375
https://music.163.com/song?id=28870229,Unstoppable (Vinai Remix),R3hab,2375
https://music.163.com/song?id=2795762,Time in a Bottle,Jim Croce,2374
https://music.163.com/song?id=421203025,City Of Stars,Ryan Gosling,2374
https://music.163.com/song?id=448742169,Moves,Big Sean,2373
https://music.163.com/song?id=524310204,Drunk,Marky Style / Guy Gabriel,2373
https://music.163.com/song?id=1301777206,The Way I Am (Taska Black Remix),Charlie Puth,2372
https://music.163.com/song?id=555951498,Help Arrives,Alan Silvestri,2372
https://music.163.com/song?id=1012226,Main Title,Aaron Zigman,2371
https://music.163.com/song?id=35040298,Broken Arrows,Avicii / Zac Brown Band,2370
https://music.163.com/song?id=28592889,Circle On The Snows,The fin.,2367
https://music.163.com/song?id=508319111,Come Alive,Jase / Ariel Pe,2366
https://music.163.com/song?id=524431032,Parade,VINAI,2365
https://music.163.com/song?id=480769676,Tip Toe,Tyzo Bloom / Casey Cook,2365
https://music.163.com/song?id=421423712,Reverie,Spire / FAWNA,2365
https://music.163.com/song?id=5221779,You Never Can Tell,Chuck Berry,2365
https://music.163.com/song?id=440403688,Gravity,Timeflies,2364
https://music.163.com/song?id=29456255,Too Late,Gui Boratto,2362
https://music.163.com/song?id=410518552,Care (Extended Mix),R3hab / Felix Snow / Madi,2362
https://music.163.com/song?id=547706318,FRIENDS (R3hab Remix),Marshmello / Anne-Marie / R3hab,2361
https://music.163.com/song?id=29113198,"IfYoureGoingToSpew,SpewIntoThis",Bones,2360
https://music.163.com/song?id=33916260,Style,Taylor Swift,2360
https://music.163.com/song?id=1748673,"Love, Don’t Let Me Go",Matt Dusk,2360
https://music.163.com/song?id=503855647,Easy for You,Ciskko / Spritely,2359
https://music.163.com/song?id=18361453,Fever Dream,Iron & Wine,2359
https://music.163.com/song?id=479422658,Say It Twice,Marvin Dolo,2359
https://music.163.com/song?id=485964081,Oceans,Leon Lour,2358
https://music.163.com/song?id=22003658,One,U2,2358
https://music.163.com/song?id=16714253,If You Feel My Love,Blaxy Girls,2358
https://music.163.com/song?id=35283346,Thinking out loud ( Severo remix ),Severo / Jasmine Thompson,2357
https://music.163.com/song?id=436488007,"Sugar, Honey",Eklo,2357
https://music.163.com/song?id=448143170,i sampled medasin (sweatpants rework),sweatpants / h u s h u s h,2356
https://music.163.com/song?id=495220243,Saint Laurent,Skrillex / DJ Sliink / Wale,2355
https://music.163.com/song?id=418602809,Escape (Tenkitsune Remix),Tenkitsune / Hikaru Station,2351
https://music.163.com/song?id=34468949,Stay With Me,Furns,2350
https://music.163.com/song?id=534539548,RAINING,WINNER,2350
https://music.163.com/song?id=548950024,bitches broken hearts,Billie Eilish,2350
https://music.163.com/song?id=550616834,Chasing Fire (Robin Schulz Remix),Lauv / Robin Schulz,2349
https://music.163.com/song?id=31245394,Hanging On a Lie,Striking Matches,2348
https://music.163.com/song?id=183760,My Heartbeat,Y Lam,2348
https://music.163.com/song?id=571942129,Blah Blah Blah,Armin van Buuren,2348
https://music.163.com/song?id=1379901,Angel,Sarah McLachlan,2347
https://music.163.com/song?id=29786467,・ε・,Doe,2347
https://music.163.com/song?id=505060860,Alla ögon på mig,Darin,2346
https://music.163.com/song?id=419250596,Heartless,Jacob Tillberg,2344
https://music.163.com/song?id=3870922,Move Like U Stole It,ZZ Ward,2344
https://music.163.com/song?id=29769117,Crossroad,Au5 / Danyka Nadeau,2340
https://music.163.com/song?id=1299711624,this is for my girl.,Urmyson / Shiloh Dynasty,2339
https://music.163.com/song?id=516827154,Smooth Criminal (Ummet Ozcan Remix),Ummet Ozcan / Michael Jackson,2339
https://music.163.com/song?id=1334569523,1999 (Carta Remix),Charli XCX / Troye Sivan / CARTA,2339
https://music.163.com/song?id=427542431,What About The Love,Sam Feldt,2338
https://music.163.com/song?id=572032429,Magic In The Hamptons,Social House / Lil Yachty,2337
https://music.163.com/song?id=26907013,Sweet Dreams,Eurythmics,2336
https://music.163.com/song?id=26609292,Legacy (Radio Edit),Nicky Romero / Krewella,2334
https://music.163.com/song?id=28143751,Step Out,José González,2333
https://music.163.com/song?id=35310076,Something In the Way You Move,Ellie Goulding,2332
https://music.163.com/song?id=525875177,7.,YKEY / MossW,2330
https://music.163.com/song?id=432486537,Too Close,Rainsford,2330
https://music.163.com/song?id=507134111,Turn It Up,Damien N-Drix,2330
https://music.163.com/song?id=35737692,Sax,Fleur East,2329
https://music.163.com/song?id=1592728,Who Am I,Jared Lee,2329
https://music.163.com/song?id=26350619,Habits,Tove Lo,2329
https://music.163.com/song?id=524191174,On My Way,Tobtok,2325
https://music.163.com/song?id=1807840,Vanilla Twilight,Owl City,2325
https://music.163.com/song?id=25882980,Little Things,One Direction,2325
https://music.163.com/song?id=536128598,Everything I Need,Redfoo / VINAI,2323
https://music.163.com/song?id=428391731,Let Us Build This Love When We Make Love,MuSik I,2323
https://music.163.com/song?id=18319165,The Thing,Pixies,2322
https://music.163.com/song?id=518895000,cigarettes & sex,prxz,2322
https://music.163.com/song?id=27569931,Plastic Sea,Minks,2322
https://music.163.com/song?id=35090542,True Believer,Avicii / Chris Martin,2322
https://music.163.com/song?id=573261646,Dana,Ali B / Numidia / R3hab / Cheb Rayan,2322
https://music.163.com/song?id=3162256,Goodnight & Goodbye,Mree,2320
https://music.163.com/song?id=540596722,44 More,Logic,2320
https://music.163.com/song?id=28859946,High,Young Rising Sons,2319
https://music.163.com/song?id=1315449653,I Knew You Were Trouble.,Taylor Swift,2319
https://music.163.com/song?id=29364808,Prayer In C,Lilly Wood & The Prick / Robin Schulz,2318
https://music.163.com/song?id=33211433,Orust (Original),Sandh,2316
https://music.163.com/song?id=32035008,Samsara,Tungevaag & Raaban,2315
https://music.163.com/song?id=535551446,Não Vacila,guofoo / 2Pac,2314
https://music.163.com/song?id=17174581,A Girl Can Dream,Melissa McClelland,2314
https://music.163.com/song?id=547711032,the broken hearts club,gnash,2313
https://music.163.com/song?id=3202157,Stop Stop Stop,Nu Virgos,2313
https://music.163.com/song?id=493448389,Call Me (Alex Adair Remix),NEIKED / Mimi / Alex Adair,2311
https://music.163.com/song?id=484614805,All Night,Big Boi,2311
https://music.163.com/song?id=36215650,oui,Jeremih,2311
https://music.163.com/song?id=552650454,Wildflower,Ida Red,2309
https://music.163.com/song?id=475207252,Catch Me If You Can,John Dahlbäck / Melanie Fontana,2308
https://music.163.com/song?id=413077624,West Coast,Missio,2308
https://music.163.com/song?id=19438482,California Dreamin',The Mamas & the Papas / Barry McGuire,2307
https://music.163.com/song?id=17822689,I'm Outta Time,Oasis,2307
https://music.163.com/song?id=442869035,brasil.,jou beats.,2307
https://music.163.com/song?id=550068550,Drip,Cardi B / Migos,2304
https://music.163.com/song?id=557583014,Slow It Down,Charlie Puth,2304
https://music.163.com/song?id=436487066,Hey Girl,Lady Gaga / Florence Welch,2303
https://music.163.com/song?id=3881199,"Choice Of Three, A",Alex Turner,2302
https://music.163.com/song?id=1323983935,White Christmas,OneRepublic,2301
https://music.163.com/song?id=27896574,Story of My Life,One Direction,2299
https://music.163.com/song?id=2925400,A Todo Color,Las Escarlatinas,2299
https://music.163.com/song?id=516320079,Ghostface Killers,21 Savage / Offset / Metro Boomin / Travis Scott,2299
https://music.163.com/song?id=419594455,She Don't,Ella Mai / Ty Dolla $ign,2298
https://music.163.com/song?id=29374783,Gold Skies (feat. Aleesia) (Evan Gartner Remix),DVBBS / Sander Van Doorn / Martin Garrix,2298
https://music.163.com/song?id=35447183,EASE,Troye Sivan / BROODS,2297
https://music.163.com/song?id=512639846,Is That For Me,Alesso / Anitta,2297
https://music.163.com/song?id=504425749,2U (Seeb Remix),David Guetta / Justin Bieber / SeeB,2297
https://music.163.com/song?id=493043002,All That We Are Living For,Hardwell / Atmozfears / M.BRONX,2296
https://music.163.com/song?id=26515317,I Got You,Jack Johnson,2296
https://music.163.com/song?id=490381288,Batman,Jaden Smith,2296
https://music.163.com/song?id=415904380,I Love You Always Forever,Betty Who,2295
https://music.163.com/song?id=445528626,If Everyday Was Christmas,Cruz Beckham,2295
https://music.163.com/song?id=29483185,Pieces (Hushed),Andrew Belle,2294
https://music.163.com/song?id=29758487,Pyramids (Original Mix),DVBBS / Dropgun / Sanjin,2294
https://music.163.com/song?id=523249432,Divine,Kuba Te,2293
https://music.163.com/song?id=476324534,Parallel Lines,Jewelz & Sparks / Catze,2293
https://music.163.com/song?id=35283444,One Day (Natio Remix),Natio / Matisyahu,2292
https://music.163.com/song?id=406347043,Home,AURORA,2292
https://music.163.com/song?id=33937218,Cake,Melanie Martinez,2291
https://music.163.com/song?id=506288341,Something Just Like This,Guy Berryman / Andrew Taggart / Chris Martin / We Rabbitz / Jonny Buckland / Will Champion,2290
https://music.163.com/song?id=32648411,Dragon Night (English ver.),End of the World,2290
https://music.163.com/song?id=5027380,Magic Waltz,Amedeo Tommasi,2289
https://music.163.com/song?id=446549369,Spirals (William Black Remix),ILLENIUM / King Deco / William Black,2289
https://music.163.com/song?id=493663271,Cut My Hair,Mounika. / Cavetown,2288
https://music.163.com/song?id=26292875,Don't Gimme that,The Bosshoss,2287
https://music.163.com/song?id=523003042,Miss You (Luca Schreiner Remix),Louis Tomlinson / Luca Schreiner,2287
https://music.163.com/song?id=544246823,Your Side Of The Bed,Loote,2286
https://music.163.com/song?id=447925185,Andalusia (Filatov & Karas Remix),Antoine Chambe / Hi-Ly / Filatov & Karas,2286
