title,link,play_times,collection_times,relay_times,comments,creator,create_date
『经典的魔性背景音乐』,"https://music.163.com/playlist?id=489064571
",30444386,1030000,22748,7659,右心丶,2016-10-18
『耳机党福利』‖慎入！会上瘾❤,"https://music.163.com/playlist?id=491633141
",35078132,960000,8609,2429,一拳小迷弟,2016-10-22
耳朵怀孕 | 世界级大师69支MV,"https://music.163.com/playlist?id=509355535
",40571452,860000,6834,1949,赫索里茨,2016-11-13
超燃电音：Five Hours' Burning,"https://music.163.com/playlist?id=449559997
",34342648,830000,9495,4322,xept,2016-08-23
「嗨爆」在宿舍御用的蹦迪歌曲,"https://music.163.com/playlist?id=2145434166
",25967050,710000,6998,1905,Quanjfic,2018-03-17
「电子•女声」惊艳耳际，一秒倾心,"https://music.163.com/playlist?id=798130521
",29715688,680000,7066,4737,撩汉高手-,2017-07-04
电音环绕，游戏必备！,"https://music.163.com/playlist?id=715331683
",23312100,660000,4939,2416,动漫唯美风,2017-05-02
电音史上最伟大的250首EDM音乐作品,"https://music.163.com/playlist?id=954297462
",24130896,580000,6286,2937,welphenEDM,2017-10-11
『开口脆』迷幻嗓音极致瞬间❤️,"https://music.163.com/playlist?id=824754853
",28932348,580000,4727,2163,--CJN,2017-07-25
「总结」一百大电音之王,"https://music.163.com/playlist?id=586773281
",22718782,570000,6547,7617,Quanjfic,2017-01-31
『无前奏铃声』超适合做手机铃声的歌曲！,"https://music.163.com/playlist?id=975470521
",17837782,480000,3454,2151,挪威的童话,2017-10-28
当优质原曲邂逅神级Remix,"https://music.163.com/playlist?id=627599430
",19300640,470000,5004,1367,腹黑萝莉o,2017-03-12
电萌（打游戏专用）,"https://music.163.com/playlist?id=2027010439
",9107946,420000,1756,1262,大仙的抠脚迷妹,2017-12-24
电音 | 旋律中致郁的心电击,"https://music.163.com/playlist?id=643650927
",12266628,400000,4206,1641,治愈兔,2017-03-27
『高质量纯电音合集⑴』珍藏系列,"https://music.163.com/playlist?id=442538213
",12572497,390000,5718,3461,HUMAN00,2016-08-13
2018公告牌全球百大DJ/电音制作人！,"https://music.163.com/playlist?id=2153498917
",14547364,370000,4183,4408,welphenEDM,2018-03-23
❤️徐梦圆—China系列全收录,"https://music.163.com/playlist?id=582754571
",7191156,360000,5213,2212,xx香蕉船,2017-01-26
「Chinese电音」独斟国风烟雨朦胧,"https://music.163.com/playlist?id=591585623
",10453338,350000,4707,1391,一只林轩,2017-02-05
2018全年抖腿指南，老铁你怕了吗？,"https://music.163.com/playlist?id=2050704516
",18324594,330000,3504,2183,NickyRomero,2018-01-09
国产纯音│它们连名字都很美,"https://music.163.com/playlist?id=819184135
",7909551,330000,5260,1912,Cassi0peiaA,2017-07-21
Space Club/蹦迪必备,"https://music.163.com/playlist?id=946216567
",13161459,330000,7928,1760,宋城阿边,2017-10-05
【节奏控】一听就上瘾的惊艳女声,"https://music.163.com/playlist?id=768047050
",13519351,330000,3467,1206,还你一个夏天,2017-06-18
『极致电音』-震撼你的心灵（高端毒品）,"https://music.163.com/playlist?id=624541320
",11795283,320000,2808,2732,HLKS-97,2017-03-09
神级Remix电音背后的优质原作☆总集完结篇,"https://music.163.com/playlist?id=925845034
",14403691,320000,3184,725,一只爱听歌的狐狸,2017-09-20
「响指系」令人着迷的响指节奏♬,"https://music.163.com/playlist?id=626186882
",13360705,310000,4179,1320,OyangJiaqi,2017-03-11
全球史诗级万评电音【百种风格】!,"https://music.163.com/playlist?id=2303371412
",14861760,300000,2448,659,一入电音深似海_-,2018-07-06
「日系女音&电子」爱不释手的默契结合,"https://music.163.com/playlist?id=702453759
",8362110,300000,1729,943,Areal肥阳,2017-04-20
Ghost Producer|那些才华横溢的幕后制作人,"https://music.163.com/playlist?id=757439549
",12437605,280000,2866,3865,NickyRomero,2017-06-10
妈问跪系列『电音』抖腿停不下来～,"https://music.163.com/playlist?id=522276495
",10302060,260000,2678,2096,愿我们一路深情别再枉负,2016-11-29
Trap Remix丨当欧美热单遇上毒性低音,"https://music.163.com/playlist?id=717848220
",13891512,250000,4739,753,避难所Shelter,2017-05-05
【节奏控】那些一听就中毒的电音(纯音乐篇),"https://music.163.com/playlist?id=2120271089
",8392591,210000,1857,571,原点FM,2018-02-28
无前奏 | 喜欢无需铺垫 几秒就能沉醉,"https://music.163.com/playlist?id=2302684948
",8326908,210000,1770,641,云音乐VIP,2018-07-06
吃鸡必备BGM 主播专用,"https://music.163.com/playlist?id=2031769374
",8858973,210000,1604,1017,Dum-娅馨,2017-12-27
国风电音‖朕在大清皇宫打碟,"https://music.163.com/playlist?id=704540288
",5527524,200000,3592,1921,沧暮归云-,2017-04-22
没听过这些，别说你蹦过迪,"https://music.163.com/playlist?id=805701279
",7834840,190000,3304,1083,小孙19981020,2017-07-10
MJ 比伯 断眉 戳爷 黄老板 萌德 霉霉 骚姆.,"https://music.163.com/playlist?id=774175747
",5836083,190000,1423,924,向来歌哥,2017-06-23
「纯电音」爱上电音只需一单,"https://music.163.com/playlist?id=2219988682
",6799889,190000,3162,1199,HUMAN00,2018-05-09
【万评电音】抬头，已是一片星海,"https://music.163.com/playlist?id=2237048282
",6915589,180000,2033,870,谐星七十六号,2018-05-22
魔法料理：50%电音加上50%萌音！,"https://music.163.com/playlist?id=2176407608
",2926808,170000,1104,613,白川京,2018-04-08
如何用手机铃声惊艳四座？ 纯电篇,"https://music.163.com/playlist?id=2313427124
",6104663,160000,944,957,白川京,2018-07-13
「女声控」音色沁人心 旋律美如画,"https://music.163.com/playlist?id=2040074016
",7675713,160000,1758,901,怪兽Sound,2018-01-02
〖私藏〗节奏盛宴，电音中的质感女嗓,"https://music.163.com/playlist?id=2255720648
",7275193,160000,1590,596,名侦探-柯北,2018-06-05
特色女嗓 · 爆破型鬼才声线集,"https://music.163.com/playlist?id=2029494007
",6014899,150000,1506,1449,qhuiya,2017-12-25
『日语电子』清纯可爱 温柔中不失一抹躁动,"https://music.163.com/playlist?id=959795218
",4176330,150000,1156,591,ALvetX,2017-10-15
一心只蹦圣贤迪,"https://music.163.com/playlist?id=2298534554
",6258366,150000,2990,393,可可阔落,2018-07-03
Beautiful Now【音乐的力量·电音】,"https://music.163.com/playlist?id=2050976156
",7579920,140000,1488,579,Demons_xsw,2018-01-09
一不小心就爱上了电音,"https://music.163.com/playlist?id=445967812
",4536261,140000,1363,2061,wuli浅夏,2016-08-18
白噪音 看书静心写作业用,"https://music.163.com/playlist?id=1986449263
",4677521,140000,2230,1114,Charillex,2017-11-22
『电驾』比酒驾更危险的是电驾,"https://music.163.com/playlist?id=2032139172
",5520414,130000,1445,317,修玉昕,2017-12-28
国风电音‖地名带你走遍中华万里江山,"https://music.163.com/playlist?id=620918845
",2970735,130000,1784,903,沧暮归云-,2017-03-05
中文咚鼓版背景音乐 ［楠妹儿］慢更.,"https://music.163.com/playlist?id=2333719162
",5696869,130000,760,411,楠妹儿b,2018-07-26
水果味汽水｜清甜软萌音捕获你的心,"https://music.163.com/playlist?id=689121986
",2668735,130000,903,660,阿卡琳,2017-04-07
冰镇软萌音｜不能自已的Kawaii电音,"https://music.163.com/playlist?id=873024264
",2552597,130000,910,496,阿卡琳,2017-08-08
Future Bass：怦然心动的软萌电子,"https://music.163.com/playlist?id=2024673301
",4361437,120000,1375,627,账号已注销无法显示,2017-12-22
中国风电音丨迷醉在朦胧诗华的江南中⚡,"https://music.163.com/playlist?id=2321969053
",3327740,120000,903,478,音凛酱,2018-07-19
有 点 喪 的 火 影,"https://music.163.com/playlist?id=2226392420
",3068588,110000,1221,545,小丑永远都是笑,2018-05-14
2018百大DJ排行榜,"https://music.163.com/playlist?id=2310399241
",4344108,110000,1522,1882,soAoAyEDM,2018-07-11
Kawaii Bass丨汽水糖果柠檬软萌萝莉⚡️,"https://music.163.com/playlist?id=2320041657
",2740793,110000,707,461,音凛酱,2018-07-18
「前方高能」战斗人员戴好安全帽准备战斗,"https://music.163.com/playlist?id=547236299
",7280674,100000,1047,476,Melbourne丶Bounce,2016-12-25
《太空乐鉴赏与简史》,"https://music.163.com/playlist?id=2453710966
",2760546,100000,1813,797,宇宙摇滚俱乐部,2018-10-05
【China】国人电音精品，这节奏不停歇,"https://music.163.com/playlist?id=2176013162
",4150330,100000,697,606,原点FM,2018-04-07
【超燃/电音向】游戏必备BGM,"https://music.163.com/playlist?id=2071118614
",3063201,100000,523,391,_Allien_,2018-01-23
【游戏必备BGM】旋律系电音伴你自由畅玩！,"https://music.163.com/playlist?id=2325024301
",6338497,100000,615,343,谐星七十六号,2018-07-21
【节奏控】一听就上瘾的惊艳女声②,"https://music.163.com/playlist?id=2005170767
",5390177,100000,1280,432,还你一个夏天,2017-12-07
『高考过后怎么嗨』答案就在这里,"https://music.163.com/playlist?id=2260474995
",7520542,100000,1558,813,云音乐曲库,2018-06-08
在我的BGM里化妆 没人能美过我,"https://music.163.com/playlist?id=953939511
",3518170,99797,1035,661,跨过凌晨,2017-10-11
《复古青年蹦迪指南》,"https://music.163.com/playlist?id=2456763210
",3917019,99289,1587,548,宇宙摇滚俱乐部,2018-10-06
【节奏控】一听就上瘾的惊艳女声③,"https://music.163.com/playlist?id=2049460383
",4029929,96683,903,344,还你一个夏天,2018-01-08
我将深陷于单曲循环的魔咒 无法逃脱,"https://music.163.com/playlist?id=2182718903
",4260809,95989,841,440,薄荷猫晒太阳,2018-04-13
✨只有特别可爱的人才能看见歌名啊,"https://music.163.com/playlist?id=2207920882
",1525139,92480,2910,3239,五味意,2018-04-30
打游戏必备【战歌&节奏电音&重金属】,"https://music.163.com/playlist?id=869010577
",2700710,89892,437,274,蛋蛋ptap,2017-08-05
社会人摇头必备嗨曲（极嗨）,"https://music.163.com/playlist?id=2467197621
",3767777,86423,963,330,宸极-Cody,2018-10-13
鲸云音效与电音的最佳适配（极重低音）,"https://music.163.com/playlist?id=2362803859
",3577487,86054,960,384,师兄不叫思松,2018-08-14
深夜蹦迪摇头抖腿DJ神曲.◡̈,"https://music.163.com/playlist?id=2333655884
",3505068,79833,419,230,楠妹儿b,2018-07-26
Space电音蹦迪学院,"https://music.163.com/playlist?id=1978865200
",3000981,79360,1581,490,程見飛JerryCheng,2017-11-16
「欧美电子」电子与人声的完美碰撞♚,"https://music.163.com/playlist?id=2135457343
",3120328,75898,842,268,歇会儿别闹了,2018-03-10
那些为电音画龙点睛的惊艳女Vocals,"https://music.163.com/playlist?id=2081768956
",3158311,75411,918,478,薛定谔的缝纫机,2018-01-31
值得细品玩味的45首精选冷门歌曲。,"https://music.163.com/playlist?id=2439076205
",3274167,73693,502,1019,循光,2018-09-27
「电子慢摇」陷入节奏的泥潭中,"https://music.163.com/playlist?id=2274455485
",4035233,71033,576,473,Quanjfic,2018-06-17
欧美风 | 电子音乐与空灵女声的化学反应¹,"https://music.163.com/playlist?id=2011369036
",2577731,70447,687,245,ATLiens,2017-12-11
如何用手机铃声惊艳四座？ 电子篇,"https://music.163.com/playlist?id=2221880576
",2877846,69633,475,763,白川京,2018-05-11
古风电音‖非纯音人声唱曲,"https://music.163.com/playlist?id=708156172
",2600622,69600,640,422,沧暮归云-,2017-04-25
【甜美电音】你好似在云端吟唱的仙女,"https://music.163.com/playlist?id=2240147448
",2843952,66117,800,299,谐星七十六号,2018-05-25
99°C耳朵怀孕系列,"https://music.163.com/playlist?id=2140976267
",2470174,66044,900,288,三月咖喱,2018-03-14
「古风与电子元素碰撞」,"https://music.163.com/playlist?id=632977126
",2154534,65689,431,228,兰亭遗墨_,2017-03-17
「萌系Future Bass」雪糕般甜美的日系电音,"https://music.163.com/playlist?id=867035157
",1304254,63853,362,310,还是喵森,2017-08-04
Walkers Join,"https://music.163.com/playlist?id=2448302036
",2251131,62773,690,1376,AlanWalker,2018-10-02
千坂的电音作品集,"https://music.163.com/playlist?id=569517819
",1001455,61504,324,231,糸由,2017-01-14
『软音萌电』医疗兵就位，恶势力散退！,"https://music.163.com/playlist?id=2122586943
",1119121,61461,397,510,Areal肥阳,2018-03-01
萌系电音 萌动次元 【甜的冒泡泡哦～】,"https://music.163.com/playlist?id=967326044
",1247251,61208,370,351,CarryKyo,2017-10-22
『 2018优质新歌电音推送 』,"https://music.163.com/playlist?id=2000367772
",3637184,61016,879,796,Kaibottcher,2017-12-03
『电音女毒』女声响起/即刻沦陷,"https://music.163.com/playlist?id=2314766620
",2743004,60893,1453,379,HUMAN00,2018-07-14
2018全球百大DJ排行榜,"https://music.163.com/playlist?id=2478923551
",1984151,60028,1190,1768,welphenEDM,2018-10-21
『Trap』低频轰炸机 令人上瘾的黑暗氛围,"https://music.163.com/playlist?id=2069189356
",3295322,58535,988,307,LuckyMaxx,2018-01-22
【China国风电音II】之二胡与笛子的双重奏,"https://music.163.com/playlist?id=2167792027
",1200094,57495,483,162,MeCHJ噢,2018-04-02
【徐梦圆】中国电音丨崛起之路,"https://music.163.com/playlist?id=2157256550
",1669534,57437,491,932,Hope-boy,2018-03-25
『电子AND悦耳女声』叫醒沉睡已久的耳朵吧,"https://music.163.com/playlist?id=917739927
",1590590,57308,314,279,清结,2017-09-13
小姐姐搭档电子乐，声控党新潮的标配~,"https://music.163.com/playlist?id=2055571883
",1447253,57059,353,604,Areal肥阳,2018-01-12
【励志电音】愿你身披星芒 执笔为剑,"https://music.163.com/playlist?id=2239286898
",2532372,55721,550,709,谐星七十六号,2018-05-24
想和这些唱情歌的小哥哥谈场恋爱呀,"https://music.163.com/playlist?id=2109339318
",2246395,54960,626,775,-Holit-,2018-02-20
精致节拍 | 时髦的人听什么,"https://music.163.com/playlist?id=2333114395
",4285560,53881,406,544,原创君,2018-07-26
轻电音 | 置身蓝色渲染勾勒的夜空,"https://music.163.com/playlist?id=716372290
",1379984,53112,500,136,还你一个夏天,2017-05-03
MA$IWEI马思唯/纯 正 好 货,"https://music.163.com/playlist?id=833431824
",2188964,53090,437,159,AkashiAshes,2017-07-31
惊艳女声和电音的邂逅（2018盘点篇）,"https://music.163.com/playlist?id=2579399082
",2412775,52800,443,245,原点FM,2018-12-30
有种音乐叫丨健身专用,"https://music.163.com/playlist?id=824696027
",2714335,52263,1017,272,音妇,2017-07-25
LOL英雄台词,"https://music.163.com/playlist?id=615741516
",1370526,52116,186,244,我是徐梦圆的立体版本徐梦球,2017-02-28
「节奏甜食」次点甜醹发酵的牛奶草莓,"https://music.163.com/playlist?id=2069080336
",2595449,51564,705,615,润同志,2018-01-22
抖腿合集 | 清新人声+电音的完美融合,"https://music.163.com/playlist?id=2246938067
",1995550,51322,398,184,会娇喘的皮皮皮皮皮皮猪,2018-05-29
高质量英文歌和remix的碰撞,"https://music.163.com/playlist?id=2440187131
",2237230,51077,436,137,谛听仙子,2018-09-28
—俄ж（抖腿专用）,"https://music.163.com/playlist?id=992750776
",2867218,51034,497,101,Mogul_7,2017-11-11
电音 | 玩游戏时无比带感的歌曲,"https://music.163.com/playlist?id=511695152
",2998361,50978,662,1,千万般遗憾,2016-11-16
古风电音||茶已凉人偏不走 只盼与你看花开,"https://music.163.com/playlist?id=2099843212
",868058,50482,572,203,晚点遇到她,2018-02-12
Lofi Hiphop/Chillhop IN YouTube Channel,"https://music.163.com/playlist?id=898790353
",1308490,50392,895,324,BananaF1sh,2017-08-29
『萌系bass』清新Kawaii激活元气每一天,"https://music.163.com/playlist?id=2268929030
",827239,50255,290,142,2017幻忆,2018-06-13
『冷门』Have a nice 「Holiday」假日必备,"https://music.163.com/playlist?id=2616238898
",1737806,50141,476,452,循光,2019-01-09
9102年抖腿指南，今年什么水平？,"https://music.163.com/playlist?id=2622967273
",2487374,49824,317,478,NickyRomero,2019-01-13
康纳麦格雷戈专属BGM,"https://music.163.com/playlist?id=2090838082
",2669073,48490,650,290,Dj-MraDeL,2018-02-07
视频博主游记VLOG用,"https://music.163.com/playlist?id=2183147885
",983584,48226,384,84,MADman47,2018-04-13
80'Sing | 复古现在进行时,"https://music.163.com/playlist?id=870395774
",2156478,48100,1256,890,努娜左,2017-08-06
初音未来十周年诞生祭，把你给MikuMiku掉！,"https://music.163.com/playlist?id=899495799
",943188,47680,317,288,野良兔,2017-08-29
气场两米八 | 内心要骚 步子要稳 眼神要狠,"https://music.163.com/playlist?id=2379698024
",1778963,46373,797,551,云音乐VIP,2018-08-22
「惊艳电子·旋律控」一听倾心 爱不释耳❶,"https://music.163.com/playlist?id=2436059762
",1971293,45971,493,190,Zeitkunst,2018-09-25
剪辑师必备-快节奏的背景音乐,"https://music.163.com/playlist?id=892109544
",490575,45878,345,82,伊泽卡卡,2017-08-24
Future Beats ◐ 糟糕，是心肌梗塞的感觉！,"https://music.163.com/playlist?id=2577388187
",1590730,45820,480,237,NickyRomero,2018-12-29
可爱的古风小曲儿哟,"https://music.163.com/playlist?id=2002498403
",1270704,44683,364,315,-神算-,2017-12-04
『电音故事』 从华夏文明的起源说起,"https://music.163.com/playlist?id=2184066432
",895547,44434,315,179,听歌要有调,2018-04-13
【女声电音】甜蜜与动感的美妙律动,"https://music.163.com/playlist?id=2220502985
",2000135,43993,476,374,谐星七十六号,2018-05-10
中国风与电音的奇妙融合,"https://music.163.com/playlist?id=2101188078
",890470,42596,299,151,单音系,2018-02-13
致孤单的人们，让初音带领你离开孤独,"https://music.163.com/playlist?id=2235841494
",1148963,41856,246,400,初音_Miku酱,2018-05-21
Alan Walker艾兰·沃克,"https://music.163.com/playlist?id=721261048
",1576479,41160,431,524,ShakiraCR7,2017-05-08
「日常上班写作业防打瞌睡必备」,"https://music.163.com/playlist?id=2415608589
",2002417,41102,330,190,电音赫兹,2018-09-11
【视频剪辑】踩点/节奏 快剪BGM,"https://music.163.com/playlist?id=895585853
",820607,40248,335,228,兔兔总会有的,2017-08-26
即刻电音 || 参赛作品合集⭐,"https://music.163.com/playlist?id=2495677303
",2770108,40188,310,531,笑笑水之,2018-11-02
我方少女心正在被攻击 请求支援！,"https://music.163.com/playlist?id=2133259867
",1597454,39942,270,561,qhuiya,2018-03-09
王者荣耀打野专属，超强节奏带动全队,"https://music.163.com/playlist?id=505913268
",823912,38989,112,246,CXL020,2016-11-09
日语Drum&Bass丨小姐姐嗓音搭配轻躁电音,"https://music.163.com/playlist?id=2293946272
",1221594,38566,273,667,ALvetX,2018-06-30
Mello Gaming,"https://music.163.com/playlist?id=2313779410
",2191015,37948,366,779,MarshmelloMusic,2018-07-13
VLOG BGM | 前奏抓耳 慵懒chill 来share,"https://music.163.com/playlist?id=2087094410
",1201275,37615,396,121,eriattachtothesea,2018-02-04
撩人系｜一开口便能撩到你的女声~,"https://music.163.com/playlist?id=2102236918
",2265550,37449,385,185,凯蒂肥狸,2018-02-14
复古流行 | 新世纪的一支复古药剂,"https://music.163.com/playlist?id=2578520695
",1129384,37440,422,124,烈雨,2018-12-29
「甜嗓控」当糖果女声邂逅清新电音,"https://music.163.com/playlist?id=2189506809
",1749720,37086,480,145,NeilShine_,2018-04-17
李白煮酒 · 七贤蹦迪,"https://music.163.com/playlist?id=782903861
",1217123,36293,824,384,VHSdreams,2017-06-30
拆栏杆 断头台(Dubstep)（Bass）,"https://music.163.com/playlist?id=1993076710
",1217877,36180,1001,213,最潮的土嗨,2017-11-27
「日系电子」瞬间心动！如梦似幻的极致旋律,"https://music.163.com/playlist?id=2381486579
",1163107,36056,204,240,-沏茶赏花-,2018-08-22
【超燃史诗】━━美妙与震撼,"https://music.163.com/playlist?id=741632836
",1891745,35227,443,261,账号已注销但是又注册回来了-_-,2017-05-27
大果粒粒V的国外趣味视频里那些魔性BGM,"https://music.163.com/playlist?id=910488023
",921524,34894,199,891,藕夹吃茄夹,2017-09-07
你身上那股特立独行的劲真招人喜欢,"https://music.163.com/playlist?id=2414243220
",1460339,34251,421,256,鹿白川,2018-09-10
纯电音 ＊ 点一滴墨、听一曲中国风,"https://music.163.com/playlist?id=2338668698
",798246,33696,245,278,师兄不叫思松,2018-07-29
日语电子丨前奏掳心 软甜音色混合温柔嗓音,"https://music.163.com/playlist?id=2506845820
",891436,33332,199,385,ALvetX,2018-11-09
原来是国产：介于流行与独立个性嗓音。,"https://music.163.com/playlist?id=2462197452
",2663547,33292,278,287,徊梦,2018-10-09
重庆space酒吧,"https://music.163.com/playlist?id=923111526
",1378988,33055,704,178,成都space,2017-09-17
Future House：撩人心魄的律动节奏,"https://music.163.com/playlist?id=2065483036
",2115071,32662,433,190,薛定谔的缝纫机,2018-01-19
〖内涵D子—TV〗组织当年熟悉的旋律！,"https://music.163.com/playlist?id=2357517575
",926447,32274,363,1305,_LearnAndLive,2018-08-11
火 影· 回 忆 录,"https://music.163.com/playlist?id=697666889
",830086,31996,351,165,i9xx,2017-04-15
国风轻电音|轻云端『De·light』,"https://music.163.com/playlist?id=968491390
",687097,31891,313,111,沧暮归云-,2017-10-22
喪 甜 可 口,"https://music.163.com/playlist?id=900228548
",1138815,31699,620,218,樱花树下的猫先生,2017-08-30
〖虚幻梦境〗临近次声波的低频纯音,"https://music.163.com/playlist?id=1992269577
",534108,31670,341,165,酒沐樱,2017-11-26
听觉盛宴『欧美电音欧美歌曲精选』,"https://music.163.com/playlist?id=1979634521
",1231036,31386,223,178,ZENG_GU,2017-11-17
VOCALOID周刊冠军曲（鸽）,"https://music.163.com/playlist?id=755163551
",565621,31120,174,1058,Summer_official,2017-06-08
【贾斯汀比伯】百听不厌丨魔性神曲,"https://music.163.com/playlist?id=2020033569
",1710263,31086,311,289,Hope-boy,2017-12-18
3D、5D、8D环绕（音乐在脑子里跳舞）,"https://music.163.com/playlist?id=2002695003
",1630459,30476,171,100,奶思大官人,2017-12-04
／喜欢汽水味儿的你 我能请你吃甜点吗,"https://music.163.com/playlist?id=2349813396
",846882,29538,254,219,边白甜的少女,2018-08-05
抖腿 | 国人古风电音(无人声),"https://music.163.com/playlist?id=2132987324
",589901,29509,271,110,绿雾绕青苔,2018-03-09
苏州观前✈星德罗 Muse 潘多拉 U&M,"https://music.163.com/playlist?id=727571612
",1288265,28917,981,315,A_春告鳥,2017-05-14
♥ 带 点 甜 味 的 韩 国 电 子 乐 ♥,"https://music.163.com/playlist?id=2057419956
",679634,28814,252,81,Spyromun_,2018-01-14
黑暗Dark Trap,"https://music.163.com/playlist?id=707658294
",703759,28687,310,145,古弘宇这名字比电音黑怕还好听,2017-04-25
2018欧美精选节奏｜满载而归的音乐盛宴,"https://music.163.com/playlist?id=2581499900
",1365171,28531,207,213,原点FM,2018-12-31
论如何优雅高冷且性感|Remix,"https://music.163.com/playlist?id=2415455938
",1311181,28507,366,193,IntropinRevivan,2018-09-11
Kawaii Bass • 软萌味的萝莉电音⚡,"https://music.163.com/playlist?id=2487120533
",541857,28469,152,95,ACG二次元菌,2018-10-27
【节奏控】一听就上瘾的惊艳女声④,"https://music.163.com/playlist?id=2344354591
",1654173,26907,260,128,还你一个夏天,2018-08-02
讓 世 界 感 受 痛 楚 | 神 羅 天 征,"https://music.163.com/playlist?id=2161759760
",827255,26861,256,121,最渣男友,2018-03-29
史诗级神曲 震撼就在下一秒 致魔兽世界,"https://music.163.com/playlist?id=2272847590
",1490478,26678,199,211,Dum-娅馨,2018-06-16
瑞典音乐人Avicii离世，年仅28岁。,"https://music.163.com/playlist?id=2193790163
",914267,26337,1116,812,welphenEDM,2018-04-21
2019.如何将抖腿玩出花样艺术感?,"https://music.163.com/playlist?id=2624259074
",1159281,25983,172,153,Kaibottcher,2019-01-14
"耳机党福利:低音炮，3D 4D 5D,环绕脑子","https://music.163.com/playlist?id=2197026407
",1078016,25590,127,48,Fx不归不改名,2018-04-22
这些Future Bass有丶甜,"https://music.163.com/playlist?id=2561833096
",829011,25503,153,176,ALvetX,2018-12-17
『轻电子•舒心辑』暖 色 尘 世,"https://music.163.com/playlist?id=2033796257
",1051755,25472,463,151,LavandulaVulpes,2017-12-29
「抖腿」如何拥有良好的自我管理能力,"https://music.163.com/playlist?id=2432015698
",1600233,25459,230,241,Quanjfic,2018-09-23
『清凉古风电音集』-满塘素红碧 风起玉珠落,"https://music.163.com/playlist?id=2212853625
",490903,25444,210,66,虚拟的伤痛,2018-05-04
当自然之声流进电音的世界 | 瞬间捕获双耳,"https://music.163.com/playlist?id=2316310521
",1144053,25433,244,146,杰尼大叔,2018-07-15
骚气萨克斯，尽量别扭！,"https://music.163.com/playlist?id=2061171995
",1147240,25422,368,226,炫迈输出,2018-01-16
抒情独白社会语录.◡̈,"https://music.163.com/playlist?id=2385982163
",833841,25420,87,64,楠妹儿b,2018-08-25
【视频大拍档】特里剪辑歌单,"https://music.163.com/playlist?id=2021208456
",273952,24618,190,148,吞拿鱼宝V,2017-12-19
毒性迷幻Trap精选全部精选！,"https://music.163.com/playlist?id=2034697353
",996062,24314,257,64,YeahAyy,2017-12-30
电音–「星空幻想臻美旋律」,"https://music.163.com/playlist?id=2090125678
",802606,24254,274,118,破东风的琴,2018-02-06
『玩游戏』超神必备背景音乐,"https://music.163.com/playlist?id=2011279103
",627650,23938,113,158,冰糖味的小女孩,2017-12-11
Future Bounce | 放纵沉沦于弹跳维度,"https://music.163.com/playlist?id=2128689551
",1599016,23862,418,312,猝死大队队长,2018-03-06
轻电音 | 治愈的音符 心动的鼓,"https://music.163.com/playlist?id=643658893
",592954,23341,248,114,治愈兔,2017-03-27
「趣乐糖果」玻璃瓶里的清甜果味泡,"https://music.163.com/playlist?id=2313686991
",934515,23307,331,147,车厘子焯水,2018-07-13
“迷人电音 反派角色”,"https://music.163.com/playlist?id=2373300150
",1262107,23277,239,158,和久井映见,2018-08-19
【冷寂氛围】星空下的思索者，矫首仰望,"https://music.163.com/playlist?id=2559620809
",819943,23273,234,200,谐星七十六号,2018-12-16
时尚的BGM是一种怎样的体验,"https://music.163.com/playlist?id=2487016080
",1054198,23079,285,173,IntropinRevivan,2018-10-26
跳入你的心海放一颗电音糖,"https://music.163.com/playlist?id=2475145001
",1554519,23031,155,61,电音赫兹,2018-10-18
不要放这些音乐！我还想再睡一会儿！,"https://music.163.com/playlist?id=2449258350
",1584931,22275,212,124,ALvetX,2018-10-02
日语流行电子，令人上瘾的魔性节奏,"https://music.163.com/playlist?id=2009003201
",621443,22208,163,107,傻fufu的MK,2017-12-10
纯音♥绵延琴瑟予你一曲霓裳风华,"https://music.163.com/playlist?id=2364912946
",507514,22134,147,64,霓虹小知音_Nihonico,2018-08-15
Kawaii Bass丨萝莉电子即为正义⚡️,"https://music.163.com/playlist?id=2522547939
",484556,22131,157,136,音凛酱,2018-11-20
『接个吻，开一枪』国风和电音的完美碰撞❤,"https://music.163.com/playlist?id=710924662
",633493,22052,200,133,XTRA_筱尊,2017-04-28
轻电子丨我的宇宙里为你藏有无数个温柔星球,"https://music.163.com/playlist?id=2541689977
",627440,21358,279,131,海厘,2018-12-04
孤独的守望者丨星空只属于你,"https://music.163.com/playlist?id=2234516998
",526023,21172,283,128,养只喵取名为猫,2018-05-20
打游戏必备｜Spinnin' Records高能电音战曲,"https://music.163.com/playlist?id=2378065090
",1368692,20687,131,103,SpinninRecordsOfficial,2018-08-21
【电音】耳机党福音 节奏控最爱,"https://music.163.com/playlist?id=988828723
",909995,20645,170,149,风之君临,2017-11-08
⚡Moombahton 丨电流律动的异域风,"https://music.163.com/playlist?id=2345781577
",1521195,20572,294,64,Jisoo7,2018-08-03
系好安全带，准备起飞。嗯哼,"https://music.163.com/playlist?id=723108188
",1159905,20286,274,119,L_76,2017-05-09
国风悠扬 | 温澜潮生,"https://music.163.com/playlist?id=2355923650
",484884,20224,163,95,-毕宿五,2018-08-09
acoustic-不插电 | 轻骑归真 别样灵魂,"https://music.163.com/playlist?id=2420376531
",989405,19887,253,184,外太空来的Mercy,2018-09-15
⚡ 2018全年优质电音丨精选推荐,"https://music.163.com/playlist?id=2035253742
",899575,19860,701,189,AhnJiyoung,2017-12-30
戴上耳机，世界是你的 电音.Don't stop,"https://music.163.com/playlist?id=884732566
",867319,19840,165,105,专业的铲屎官,2017-08-18
VOCALOID ///毒性与帅气交融的术力口狂欢,"https://music.163.com/playlist?id=2275447155
",376709,19628,137,153,YoakeNatsu,2018-06-17
优质原曲邂逅remix，前奏就沦陷,"https://music.163.com/playlist?id=2313358314
",918988,19589,226,143,云音乐VIP,2018-07-13
社会语录！土嗨,"https://music.163.com/playlist?id=2508838835
",729072,19084,132,55,中国单身狗协会会长CSCA,2018-11-11
（咚鼓版）（颜妹 / 杂七 remix,"https://music.163.com/playlist?id=960828704
",945952,18520,65,36,腻靑,2017-10-16
真正能走出国门的电子音乐丨国人Dubstep集,"https://music.163.com/playlist?id=2521554648
",1075639,18349,169,152,ALvetX,2018-11-19
[精选电音] 听着上瘾的电音作品,"https://music.163.com/playlist?id=974162227
",846029,18296,159,149,楚河_style,2017-10-27
百首电竞BGM：是时候展现一下真正的技术了,"https://music.163.com/playlist?id=813345771
",478996,18234,67,68,Yusanoiy,2017-07-16
玩游戏听的BGM,"https://music.163.com/playlist?id=801091043
",1328429,17588,181,316,析妄我褋析,2017-07-07
妖行浮世绘 百鬼平安京,"https://music.163.com/playlist?id=2163846351
",426088,17542,290,94,最渣男友,2018-03-31
棉花糖『真爱粉珍藏版 』,"https://music.163.com/playlist?id=986489910
",527329,17101,177,183,TimBerglingOfficial,2017-11-06
『音游』Muse Dash〔全曲包〕,"https://music.163.com/playlist?id=2249511142
",518564,17017,217,464,漩涡小子,2018-05-31
【天天吃鸡】百万后期BGM,"https://music.163.com/playlist?id=2074210594
",740303,16939,189,262,SkyTAT丶天殤,2018-01-26
◤游戏高燃日系电音◢…抖腿停不下来,"https://music.163.com/playlist?id=867072726
",356272,16930,84,62,-雷裂残阳-,2017-08-04
搞笑BGM 魔性 鬼畜 开黑必备,"https://music.163.com/playlist?id=2272295927
",700525,16387,153,68,Dum-娅馨,2018-06-16
♚车载灵魂奢靡享受DEEP G-HOUSE潮牌慢摇,"https://music.163.com/playlist?id=2063721609
",819666,16221,161,44,BULGARY,2018-01-18
这是什么宝贝神仙续命歌单！,"https://music.163.com/playlist?id=2502162769
",820745,15950,188,137,薄荷猫晒太阳,2018-11-06
『Chillhop』雨 天 少 女 随 想 。,"https://music.163.com/playlist?id=2217723402
",527367,15914,299,210,LavandulaVulpes,2018-05-08
2018丛林电子音乐节歌单,"https://music.163.com/playlist?id=2414177224
",760060,15893,456,290,丛林电音,2018-09-10
电音女毒——划破夜空直击灵魂的自由之声,"https://music.163.com/playlist?id=2583280757
",505426,15824,76,78,阿良良木先生,2019-01-01
【纯电音】喜欢电音的进,"https://music.163.com/playlist?id=2324195961
",1089960,15698,76,37,废柴nn,2018-07-20
梦幻电子 | 仙气缭绕 沉浸幻远,"https://music.163.com/playlist?id=2439840640
",719118,15604,205,87,Zeitkunst,2018-09-28
『电音✘动漫日语对白』 二次元の感动,"https://music.163.com/playlist?id=2093138392
",338354,15369,168,116,会病娇和抖腿的狂三,2018-02-08
电子汽水 | 气泡节奏颠覆感官,"https://music.163.com/playlist?id=2572372541
",950656,15295,128,51,原创君,2018-12-25
Strange Fruits｜爽耳水果味儿清新电音,"https://music.163.com/playlist?id=2265325264
",720706,15179,307,114,冰糖炖雪梨Er,2018-06-11
ZEDD - RADIO 电音萌猴私房频道,"https://music.163.com/playlist?id=2633277839
",754163,15165,101,221,ZeddOfficial,2019-01-21
【可爱的糖果小调】糖果味电音小合集,"https://music.163.com/playlist?id=2058197602
",255442,15080,106,44,雨秋-昴子,2018-01-14
跑步电音丨亲测越跑越爽那种,"https://music.163.com/playlist?id=958306801
",405644,15027,75,38,丶Yison,2017-10-14
Chainsmokers September Playlist,"https://music.163.com/playlist?id=2419146096
",972487,14911,182,291,TheChainsmokers,2018-09-14
瞬间爆炸—超燃向BGM（视频剪辑）,"https://music.163.com/playlist?id=874736567
",441859,14880,84,107,江南铁皮枫斗,2017-08-10
DJ不在怎么办｜全球酒吧舞曲串烧合集,"https://music.163.com/playlist?id=2064764079
",489941,14457,145,26,麦必轨,2018-01-19
『古风电音』人声唱曲（非纯音乐）,"https://music.163.com/playlist?id=2112390817
",306489,14443,60,91,叶千岚,2018-02-22
【孤独电子】无忧无虑 随性自由,"https://music.163.com/playlist?id=865308047
",361438,14159,190,161,仲深,2017-08-02
DJ丁磊打碟首秀完整再现,"https://music.163.com/playlist?id=2526036005
",1352535,14102,453,531,网易电音品牌放刺FEVER,2018-11-23
国产hiphop.Trap.从这里开始.,"https://music.163.com/playlist?id=808785776
",862691,14090,125,6,YoungCavan,2017-07-13
精 神 良 药 . 丿,"https://music.163.com/playlist?id=1988424789
",726846,14076,150,49,丿慢摇老祖你斯爷丶,2017-11-24
Trap Rap 聚集地,"https://music.163.com/playlist?id=863589279
",500445,13810,153,171,毒药毒药大毒药,2017-08-01
【顶级煲机】无损重低音,"https://music.163.com/playlist?id=1999927708
",451599,13788,146,197,不安定Gneduy,2017-12-02
全球最【炸】rave蹦迪歌单安排,"https://music.163.com/playlist?id=2180153213
",1014979,13731,407,34,林林很666,2018-04-10
『电子/对白集』对白深情 电音涤心,"https://music.163.com/playlist?id=2162261223
",286178,13666,133,296,ALvetX,2018-03-29
Future Bass丨醉寻心涧跳动的梦幻电子⚡️,"https://music.163.com/playlist?id=2554253084
",723755,13609,136,91,QGodOfficial,2018-12-12
健身房歌单,"https://music.163.com/playlist?id=2288297227
",912994,12962,96,19,气质与生俱来哦,2018-06-26
Dubstep低音轰炸 专治各种颈椎不适,"https://music.163.com/playlist?id=2556500338
",577801,12891,396,203,云音乐VIP,2018-12-14
「日系电子」过耳不忘！极致少年X流行电子,"https://music.163.com/playlist?id=2455000648
",358754,12705,93,340,-沏茶赏花-,2018-10-05
FUTURE BASS ¡ 漂浮在霓虹世界,"https://music.163.com/playlist?id=2462086082
",637029,12653,180,98,NickyRomero,2018-10-09
你的精神可有道?,"https://music.163.com/playlist?id=2177017701
",513150,12205,94,41,精神可有道,2018-04-08
『kawaii 冬天=电音』⚡️ 迎接冬日暖阳,"https://music.163.com/playlist?id=2369772343
",236622,12171,100,71,蛙仔大魔王,2018-08-17
『欧美男女双声道』左耳怀孕，右耳已炸裂！,"https://music.163.com/playlist?id=2074238066
",489092,12060,225,47,倩灬影,2018-01-26
日系快乐硬核 | 又硬又萌的魔性旋律,"https://music.163.com/playlist?id=2527244248
",304557,11992,74,111,银月火花,2018-11-24
Melodic Dubstep|凤凰涅槃，梦幻美丽,"https://music.163.com/playlist?id=2255812524
",520529,11991,187,124,UkubirdEDM,2018-06-05
抖音最火歌曲2019英文,"https://music.163.com/playlist?id=2194425768
",972155,11924,65,33,niJaT2645,2018-04-21
沉溺于淡淡幻想中，不愿醒来的梦の续章,"https://music.163.com/playlist?id=2264616312
",411754,11782,97,115,初音_Miku酱,2018-06-10
他做火了多少中文土嗨?,"https://music.163.com/playlist?id=2112285301
",614580,11735,87,96,小鱼儿YT_Official,2018-02-22
健身跑步歌单[瞬间喷涌的Drop/运动向],"https://music.163.com/playlist?id=2032593942
",715498,11721,114,67,CnkivePav,2017-12-28
心灵之音，拯救迷失的你,"https://music.163.com/playlist?id=2199404945
",336427,11459,82,88,初音_Miku酱,2018-04-24
〔蹦迪专用〕夜场酒吧摇头抖腿必备骚曲,"https://music.163.com/playlist?id=2026905326
",556729,11353,193,22,烟卷菌,2017-12-23
电子乐与其他音乐风格的奇妙结合,"https://music.163.com/playlist?id=2452234906
",621317,11254,141,12,宇宙摇滚俱乐部,2018-10-04
音乐世界Cytus2收录曲目,"https://music.163.com/playlist?id=2008860991
",328493,11207,88,335,-NERVO-,2017-12-09
爵味鼓点 ' 雨夜梭行的浪漫独影,"https://music.163.com/playlist?id=2494995258
",739845,11199,187,94,Jakiman,2018-11-01
『Dubstep & Brostep』栏杆断头台人头收割,"https://music.163.com/playlist?id=2268108226
",382375,11179,273,34,爱吃披萨的盖王小马丁,2018-06-13
Avicii未发行+典藏级,"https://music.163.com/playlist?id=2213459617
",166247,11106,168,174,KWOK-C-K,2018-05-05
稀 | 奇 | 古 | 怪 | 音 | 效 | 工 | 厂,"https://music.163.com/playlist?id=2366691357
",310164,11045,133,215,云音乐VIP,2018-08-16
对不起，其实只是孤独[jazz/lofi hiphop],"https://music.163.com/playlist?id=2032001624
",293070,11024,175,107,屋咚下的乌冬面,2017-12-28
零度星球 | 只有电子能拯救宇宙,"https://music.163.com/playlist?id=2506193055
",665492,10508,95,57,电音赫兹,2018-11-09
Dubstep/Drumstep操栏杆专用,"https://music.163.com/playlist?id=914631580
",342139,10378,231,34,DJ-Minors,2017-09-10
向流星许下的未来，绿光将照亮你心中那扇窗,"https://music.163.com/playlist?id=2351239052
",207487,10350,59,397,初音_Miku酱,2018-08-06
甜心浪漫｜撩动心弦100%,"https://music.163.com/playlist?id=2531731972
",795995,10276,106,45,北见长安,2018-11-27
小马丁『真爱粉珍藏版』,"https://music.163.com/playlist?id=926779593
",433560,9953,156,68,TimBerglingOfficial,2017-09-21
不绝于耳的初音之声，激荡你渴望电音的心,"https://music.163.com/playlist?id=2314418652
",237802,9756,76,52,初音_Miku酱,2018-07-14
8D，环绕电音（戴上耳机这就是你的世界）,"https://music.163.com/playlist?id=894958336
",429944,9195,48,34,小稀惺,2017-08-26
【Psy & Trance】迷幻电子独特的精神盛宴,"https://music.163.com/playlist?id=2482925337
",729933,9035,158,88,iamKismet,2018-10-23
当火影落入陷阱【Trap】,"https://music.163.com/playlist?id=2139995190
",379619,8998,105,80,是喪尸,2018-03-14
Kawaii的爆裂炸曲丨你从未听过的萌炸电子⚡️,"https://music.163.com/playlist?id=2378343486
",417907,8952,68,52,音凛酱,2018-08-21
Vocal•DnB丨云端之上 零度女声°,"https://music.163.com/playlist?id=2429376505
",683380,8919,135,122,ALvetX,2018-09-21
质感电子•为你的心情涂抹七彩色,"https://music.163.com/playlist?id=2433662397
",597112,8890,98,52,苏箫羽,2018-09-23
『纯电音』高质量珍藏纯电音！嗨爆系列！！,"https://music.163.com/playlist?id=2413915980
",310819,8863,101,88,音悦库-,2018-09-10
【TRAP】暴力杂货,"https://music.163.com/playlist?id=927736516
",340975,8849,97,45,Sisorelcsoriak,2017-09-21
复古新浪潮|文艺青年自娱自乐,"https://music.163.com/playlist?id=2580432278
",500130,8815,91,63,IntropinRevivan,2018-12-30
『Future Bass™』 直\击\内\心\的\旋\律,"https://music.163.com/playlist?id=2385257943
",402661,8617,79,32,柠檬有柠檬味,2018-08-25
鲸云音效与女声产生的独特反应(迷幻电音),"https://music.163.com/playlist?id=2330975178
",409192,8464,106,91,师兄不叫思松,2018-07-25
Hardcore·硬核｜低音轰炸·终极暴躁！,"https://music.163.com/playlist?id=2160691238
",698307,8447,212,273,孒洋,2018-03-28
A神未发的新歌 We all love you Avicii,"https://music.163.com/playlist?id=2267872633
",164378,8403,148,171,MbJW_Avicii_forever,2018-06-13
韩式少女电子♡牛奶蜜桃馅的美梦,"https://music.163.com/playlist?id=2129244957
",257731,8393,62,83,惊蛰初醒,2018-03-06
DnB Remix当欧美热单遇上霸气冲击力,"https://music.163.com/playlist?id=2483585023
",897580,8290,110,82,Anjunadeep,2018-10-24
Blasting | 硬核DJ大佬们的控场神曲,"https://music.163.com/playlist?id=730994961
",554444,8274,156,24,最渣男友,2017-05-17
网易云音乐评论过十万英文歌&纯音乐,"https://music.163.com/playlist?id=918921916
",226538,8133,38,95,未俗YH,2017-09-14
【欧美】致迷致幻、迷人声线与电子旋律交融,"https://music.163.com/playlist?id=2239888579
",286447,8118,86,39,Aeim_,2018-05-25
英雄联盟主题曲,"https://music.163.com/playlist?id=919824312
",370984,8057,72,50,深入我梦久居我心,2017-09-15
Spinnin' Records | 精选,"https://music.163.com/playlist?id=2115867998
",289840,7970,215,106,Oseashine-EDM,2018-02-24
Kawaii Bass | 海夜摘星 圆月下坠 °○,"https://music.163.com/playlist?id=1993952754
",167133,7930,93,55,跨过凌晨,2017-11-28
迈阿密电音节UMF 2018 | Marshmello,"https://music.163.com/playlist?id=2156469254
",383878,7833,125,106,hondoes,2018-03-25
通宵大作战° 设计师/程序员/学生党效率神单,"https://music.163.com/playlist?id=2463084234
",171619,7764,82,124,云音乐VIP,2018-10-10
「博丽神社例大祭15」曲目推荐,"https://music.163.com/playlist?id=2241155871
",163105,7757,99,71,农夫山泉XZ,2018-05-25
